Tabela 5457 - Área plantada ou destinada à colheita, área colhida, quantidade produzida, rendimento médio e valor da produção das lavouras temporárias e permanentes;;;;;;;;;;;;;;;;;;;;;;;;;;;;;;;;;;;;;;;;;;;;;;;;;;;;;;;;;;;;;;;;;;;;;;;;
Variável - Quantidade produzida (Toneladas);;;;;;;;;;;;;;;;;;;;;;;;;;;;;;;;;;;;;;;;;;;;;;;;;;;;;;;;;;;;;;;;;;;;;;;;
Município;Ano x Produto das lavouras temporárias e permanentes;;;;;;;;;;;;;;;;;;;;;;;;;;;;;;;;;;;;;;;;;;;;;;;;;;;;;;;;;;;;;;;;;;;;;;;
Município;2024;;;;;;;;;;;;;;;;;;;;;;;;;;;;;;;;;;;;;;;;;;;;;;;;;;;;;;;;;;;;;;;;;;;;;;;
Município;Total;Abacate;Abacaxi*;Açaí;Alfafa fenada;Algodão arbóreo (em caroço);Algodão herbáceo (em caroço);Alho;Amendoim (em casca);Arroz (em casca);Aveia (em grão);Azeitona;Banana (cacho);Batata-doce;Batata-inglesa;Borracha (látex coagulado);Borracha (látex líquido);Cacau (em amêndoa);Café (em grão) Total;Café (em grão) Arábica;Café (em grão) Canephora;Caju;Cana-de-açúcar;Cana para forragem;Caqui;Castanha de caju;Cebola;Centeio (em grão);Cevada (em grão);Chá-da-índia (folha verde);Coco-da-baía*;Dendê (cacho de coco);Erva-mate (folha verde);Ervilha (em grão);Fava (em grão);Feijão (em grão);Figo;Fumo (em folha);Girassol (em grão);Goiaba;Guaraná (semente);Juta (fibra);Laranja;Limão;Linho (semente);Maçã;Malva (fibra);Mamão;Mamona (baga);Mandioca;Manga;Maracujá;Marmelo;Melancia;Melão;Milho (em grão);Noz (fruto seco);Palmito;Pera;Pêssego;Pimenta-do-reino;Rami (fibra);Sisal ou agave (fibra);Soja (em grão);Sorgo (em grão);Tangerina;Tomate;Trigo (em grão);Triticale (em grão);Tungue (fruto seco);Urucum (semente);Uva
Abadia de Goiás (GO);..;-;-;-;...;-;-;-;-;-;-;-;160;-;-;-;...;-;-;-;-;...;350;...;-;-;-;-;-;-;-;-;-;-;-;-;-;-;-;-;-;-;-;525;-;-;-;-;-;143;-;-;-;-;-;820;-;-;-;-;-;-;-;2890;688;15;-;-;-;-;-;-
Abadiânia (GO);..;52;-;-;...;-;-;-;-;-;-;-;-;-;-;93;...;-;-;-;-;...;-;...;-;-;-;-;-;-;-;-;-;-;-;-;-;-;-;-;-;-;2029;40;-;-;-;-;-;2609;-;-;-;-;-;9612;-;-;-;-;-;-;-;28000;3662;768;4532;-;-;-;-;-
Acreúna (GO);..;-;-;-;...;-;-;-;-;-;-;-;-;-;-;-;...;-;-;-;-;...;2475000;...;-;-;-;-;-;-;-;-;-;-;-;1277;-;-;585;-;-;-;-;-;-;-;-;-;-;203;-;-;-;-;-;152012;-;-;-;-;-;-;-;203300;54760;-;9208;-;-;-;-;-
Adelândia (GO);..;-;-;-;...;-;-;-;-;-;-;-;430;-;-;-;...;-;-;-;-;...;-;...;-;-;-;-;-;-;-;-;-;-;-;-;-;-;-;-;-;-;-;-;-;-;-;-;-;-;-;-;-;-;-;1470;-;-;-;-;-;-;-;1710;-;-;-;-;-;-;-;-
Água Fria de Goiás (GO);..;-;-;-;...;-;-;2897;-;-;-;-;966;-;28995;-;...;-;-;-;-;...;-;...;-;-;16800;-;-;-;-;-;-;-;-;12014;-;-;-;-;-;-;6817;-;-;-;-;-;-;1806;-;-;-;-;-;143500;-;-;-;-;-;-;-;146323;5123;1788;11850;8589;-;-;-;-
Água Limpa (GO);..;-;-;-;...;-;-;-;-;-;-;-;-;-;-;-;...;-;-;-;-;...;-;...;-;-;-;-;-;-;-;-;-;-;-;-;-;-;-;-;-;-;-;-;-;-;-;-;-;-;-;-;-;-;-;540;-;-;-;-;-;-;-;1037;-;-;-;-;-;-;-;-
Águas Lindas de Goiás (GO);..;-;-;-;...;-;-;25;-;-;-;-;-;-;-;-;...;-;-;-;-;...;-;...;-;-;-;-;-;-;-;-;-;-;-;10;-;-;-;137;-;-;-;-;-;-;-;-;-;210;-;67;-;-;-;1404;-;-;-;-;-;-;-;2143;-;-;602;-;-;-;-;3
Alexânia (GO);..;-;-;-;...;-;-;-;-;-;-;-;-;-;-;-;...;-;-;-;-;...;-;...;-;-;-;-;-;-;-;-;-;-;-;524;-;-;-;-;-;-;-;99;-;-;-;-;-;1343;-;-;-;-;-;15870;-;-;-;-;-;-;-;17978;4690;1116;3680;-;-;-;-;-
Aloândia (GO);..;-;-;-;...;-;-;-;-;-;-;-;-;-;-;-;...;-;-;-;-;...;-;...;-;-;-;-;-;-;-;-;-;-;-;522;-;-;-;-;-;-;-;-;-;-;-;-;-;64;-;-;-;-;-;5200;-;-;-;-;-;-;-;9860;450;-;-;-;-;-;-;-
Alto Horizonte (GO);..;-;-;-;...;-;-;-;-;-;-;-;74;-;-;-;...;-;-;-;-;...;-;...;-;-;-;-;-;-;-;-;-;-;-;-;-;-;-;-;-;-;-;-;-;-;-;-;-;162;-;-;-;-;-;-;-;108;-;-;-;-;-;1740;-;-;-;-;-;-;-;-
Alto Paraíso de Goiás (GO);..;-;-;-;...;-;-;-;-;-;-;-;-;-;-;-;...;-;-;-;-;...;-;...;-;-;-;-;-;-;-;-;-;-;-;11108;-;-;-;-;-;-;-;-;-;-;-;-;-;912;-;-;-;-;-;38915;-;-;-;-;-;-;-;54549;1080;-;-;3427;-;-;-;-
Alvorada do Norte (GO);..;-;-;-;...;-;-;-;-;2100;-;-;-;-;-;-;...;-;-;-;-;...;-;...;-;-;-;-;-;-;-;-;-;-;-;27;-;-;-;-;-;-;330;-;-;-;-;-;-;100;-;-;-;-;-;5940;-;-;-;-;-;-;-;10895;-;-;-;-;-;-;-;-
Amaralina (GO);..;-;-;-;...;-;-;-;-;-;-;-;69;-;-;-;...;-;-;-;-;...;525;...;-;-;-;-;-;-;-;-;-;-;-;-;-;-;-;-;-;-;-;-;-;-;-;-;-;133;-;-;-;-;-;900;-;-;-;-;-;-;-;10368;-;-;-;-;-;-;-;-
Americano do Brasil (GO);..;-;-;-;...;-;-;-;-;-;-;-;160;-;-;-;...;-;-;-;-;...;-;...;-;-;-;-;-;-;-;-;-;-;-;-;-;-;-;-;-;-;-;-;-;-;-;-;-;2975;-;-;-;-;-;3500;-;-;-;-;-;-;-;2340;-;-;-;-;-;-;-;-
Amorinópolis (GO);..;-;-;-;...;-;-;-;-;-;-;-;-;-;-;-;...;-;-;-;-;...;-;...;-;-;-;-;-;-;-;-;-;-;-;-;-;-;-;-;-;-;-;-;-;-;-;-;-;306;-;-;-;-;-;14508;-;-;-;-;-;-;-;22500;-;-;-;-;-;-;-;-
Anápolis (GO);..;90;-;-;...;-;-;-;-;-;-;-;29970;-;-;1216;...;-;68;68;-;...;-;...;-;-;-;-;-;-;-;-;-;-;-;-;-;-;132;-;-;-;5125;150;-;-;-;-;-;3421;-;-;-;-;-;11115;-;-;-;-;-;-;-;37950;2655;5451;4315;-;-;-;-;-
Anhanguera (GO);..;-;-;-;...;-;-;-;-;-;-;-;-;-;-;-;...;-;-;-;-;...;-;...;-;-;-;-;-;-;-;-;-;-;-;-;-;-;-;-;-;-;-;-;-;-;-;-;-;-;-;-;-;-;-;-;-;-;-;-;-;-;-;1614;-;-;-;-;-;-;-;-
Anicuns (GO);..;-;-;-;...;-;-;-;-;-;-;-;800;-;-;-;...;-;-;-;-;...;616200;...;-;-;-;-;-;-;-;-;-;-;-;-;-;-;-;-;-;-;-;-;-;-;-;-;-;3200;-;-;-;-;-;17700;-;-;-;-;-;-;-;19800;1250;-;-;-;-;-;-;-
Aparecida de Goiânia (GO);..;-;-;-;...;-;-;-;-;-;-;-;100;-;-;-;...;-;-;-;-;...;150;...;-;-;-;-;-;-;-;-;-;-;-;-;-;-;-;-;-;-;-;-;-;-;-;-;-;80;-;-;-;-;-;322;-;-;-;-;-;-;-;1001;-;-;-;-;-;-;-;-
Aparecida do Rio Doce (GO);..;-;-;-;...;-;-;-;-;-;-;-;-;-;-;-;...;-;-;-;-;...;-;...;-;-;-;-;-;-;-;-;-;-;-;-;-;-;-;-;-;-;-;-;-;-;-;-;-;-;-;-;-;-;-;3100;-;-;-;-;-;-;-;8125;-;-;-;-;-;-;-;-
Aporé (GO);..;-;-;-;...;-;-;-;4000;-;-;-;-;-;-;-;...;-;-;-;-;...;2975000;...;-;-;-;-;-;-;-;-;-;-;-;-;-;-;-;-;-;-;5163;-;-;-;-;-;-;-;-;-;-;-;-;18600;-;-;-;-;-;-;-;112000;1350;-;-;-;-;-;-;-
Araçu (GO);..;-;-;-;...;-;-;-;-;-;-;-;680;-;-;-;...;-;-;-;-;...;8360;...;-;-;-;-;-;-;-;-;-;-;-;-;-;-;-;-;-;-;-;-;-;-;-;-;-;320;-;-;-;490;-;1200;-;-;-;-;-;-;-;3236;957;-;-;-;-;-;-;-
Aragarças (GO);..;-;-;-;...;-;-;-;-;-;-;-;-;-;-;-;...;-;-;-;-;...;73920;...;-;-;-;-;-;-;-;-;-;-;-;-;-;-;-;-;-;-;-;-;-;-;-;-;-;374;-;-;-;-;-;-;-;-;-;-;-;-;-;1650;-;-;-;-;-;-;-;-
Aragoiânia (GO);..;-;-;-;...;-;-;-;-;-;-;-;59;-;-;-;...;-;-;-;-;...;450;...;-;-;-;-;-;-;-;-;-;-;-;-;-;-;-;-;-;-;-;-;-;-;-;-;-;210;-;-;-;-;-;1350;-;-;-;-;-;-;-;8400;490;-;-;-;-;-;-;36
Araguapaz (GO);..;-;-;-;...;-;-;-;-;-;-;-;45;-;-;-;...;-;-;-;-;...;-;...;-;-;-;-;-;-;-;-;-;-;-;-;-;-;-;-;-;-;-;-;-;-;-;-;-;800;-;-;-;490;-;-;-;225;-;-;-;-;-;14720;-;-;-;-;-;-;-;-
Arenópolis (GO);..;-;-;-;...;-;-;-;-;-;-;-;-;-;-;-;...;-;-;-;-;...;-;...;-;-;-;-;-;-;-;-;-;-;-;-;-;-;-;-;-;-;-;-;-;-;-;-;-;425;-;-;-;-;-;-;-;-;-;-;-;-;-;57000;-;-;-;-;-;-;-;-
Aruanã (GO);..;-;-;-;...;-;-;-;-;-;-;-;-;-;-;-;...;-;-;-;-;...;18600;...;-;-;-;-;-;-;-;-;-;-;-;-;-;-;-;-;-;-;-;-;-;-;-;-;-;225;-;-;-;-;-;-;-;-;-;-;-;-;-;48000;-;-;-;-;-;-;-;-
Aurilândia (GO);..;-;-;-;...;-;-;-;-;-;-;-;-;-;-;1166;...;-;-;-;-;...;-;...;-;-;-;-;-;-;-;-;-;-;-;-;-;-;-;-;-;-;-;-;-;-;-;-;-;85;-;-;-;-;-;-;-;170;-;-;-;-;-;3000;-;-;-;-;-;-;-;-
Avelinópolis (GO);..;-;-;-;...;-;-;-;-;-;-;-;240;-;-;-;...;-;-;-;-;...;148200;...;-;-;-;-;-;-;-;-;-;-;-;-;-;-;-;-;-;-;-;-;-;-;-;-;-;-;-;-;-;-;-;2450;-;-;-;-;-;-;-;5510;300;-;-;-;-;-;-;-
Baliza (GO);..;-;-;-;...;-;-;-;-;-;-;-;271;-;-;-;...;-;-;-;-;...;-;...;-;-;-;-;-;-;-;-;-;-;-;-;-;-;-;-;-;-;-;-;-;-;-;-;-;595;-;-;-;-;-;12600;-;-;-;-;-;-;-;36000;-;-;-;-;-;-;-;-
Barro Alto (GO);..;-;-;-;...;-;-;-;-;75;-;-;210;-;-;5460;...;-;-;-;-;...;666000;...;-;-;-;-;-;-;-;-;-;-;-;-;-;-;-;-;-;-;-;-;-;-;-;-;-;230;-;-;-;-;-;4480;-;-;-;-;-;-;-;21600;-;-;-;-;-;-;-;-
Bela Vista de Goiás (GO);..;-;-;-;...;-;-;-;-;90;-;-;-;-;-;50;...;-;-;-;-;...;540;...;-;-;-;-;-;-;99;-;-;-;-;-;-;-;1443;-;-;-;1000;-;-;-;-;-;-;18338;-;153;-;-;-;64700;-;69;-;-;-;-;-;104160;21080;675;29300;-;-;-;-;-
Bom Jardim de Goiás (GO);..;-;-;-;...;-;-;-;-;-;-;-;433;-;-;-;...;-;-;-;-;...;-;...;-;-;-;-;-;-;-;-;-;-;-;-;-;-;-;-;-;-;-;-;-;-;-;-;-;850;-;-;-;-;-;-;-;-;-;-;-;-;-;63000;-;-;-;-;-;-;-;-
Bom Jesus de Goiás (GO);..;-;-;-;...;-;-;-;-;-;-;-;-;-;-;144;...;-;-;-;-;...;2485200;...;-;-;-;-;-;-;35;-;-;-;-;1534;-;-;238;-;-;-;-;-;-;-;-;-;-;48;-;-;-;-;-;113600;-;-;-;-;-;-;-;224000;10500;-;-;-;-;-;-;-
Bonfinópolis (GO);..;-;-;-;...;-;-;-;-;-;-;-;-;-;-;-;...;-;-;-;-;...;312;...;-;-;-;-;-;-;-;-;-;-;-;-;-;-;-;-;-;-;3915;-;-;-;-;-;-;222;-;-;-;-;-;1125;-;-;-;-;-;-;-;2100;-;100;3000;-;-;-;-;-
Bonópolis (GO);..;-;-;-;...;-;-;-;-;3440;-;-;-;-;-;-;...;-;-;-;-;...;-;...;-;-;-;-;-;-;-;-;-;-;-;1234;-;-;-;-;-;-;-;-;-;-;-;-;-;700;-;-;-;-;-;2415;-;-;-;-;-;-;-;72192;405;-;-;-;-;-;-;-
Brazabrantes (GO);..;-;-;-;...;-;-;-;-;-;-;-;192;-;-;-;...;-;-;-;-;...;40810;...;-;-;-;-;-;-;-;-;-;-;-;-;-;-;-;-;-;-;1818;-;-;-;-;-;-;-;-;-;-;-;-;833;-;-;-;-;-;-;-;882;-;126;-;-;-;-;-;-
Britânia (GO);..;-;-;-;...;-;4321;-;-;-;-;-;-;-;-;-;...;-;-;-;-;...;-;...;-;-;-;-;-;-;-;-;-;-;-;2700;-;-;-;-;-;-;-;-;-;-;-;-;-;386;-;-;-;8100;-;-;-;-;-;-;-;-;-;22620;-;-;-;-;-;-;-;-
Buriti Alegre (GO);..;-;-;-;...;-;-;-;-;-;-;-;4750;-;-;-;...;-;-;-;-;...;251913;...;-;-;-;-;-;-;-;-;-;-;-;-;-;-;1656;-;-;-;420;-;-;-;-;-;-;160;-;-;-;-;-;22308;-;-;-;-;-;-;-;65550;6000;-;-;-;-;-;-;-
Buriti de Goiás (GO);..;-;-;-;...;-;-;-;-;-;-;-;654;-;-;-;...;-;-;-;-;...;-;...;-;-;-;-;-;-;-;-;-;-;-;-;-;-;-;-;-;-;-;-;-;-;-;-;-;212;-;-;-;-;-;750;-;-;-;-;-;-;-;1120;-;-;-;-;-;-;-;-
Buritinópolis (GO);..;-;-;-;...;-;-;-;-;-;-;-;-;-;-;-;...;-;-;-;-;...;-;...;-;-;-;-;-;-;-;-;-;-;-;20;-;-;-;-;-;-;-;-;-;-;-;-;-;148;-;-;-;-;-;-;-;-;-;-;-;-;-;-;-;-;-;-;-;-;-;-
Cabeceiras (GO);..;-;-;-;...;-;1316;1306;-;-;-;-;-;-;-;-;...;-;2878;2878;-;...;-;...;-;-;4802;-;-;-;-;-;-;-;-;10204;-;-;-;-;-;-;-;33;-;-;-;-;-;518;-;46;-;-;-;127771;-;-;-;-;-;-;-;114691;5501;-;-;6181;-;-;-;-
Cachoeira Alta (GO);..;-;-;-;...;-;-;-;-;-;-;-;-;-;-;905;...;-;-;-;-;...;670692;...;-;-;-;-;-;-;-;-;-;-;-;-;-;-;-;-;-;-;5440;-;-;-;-;-;-;-;-;-;-;-;-;-;-;-;-;-;-;-;-;1627;454;-;-;-;-;-;-;-
Cachoeira de Goiás (GO);..;-;-;-;...;-;-;-;-;-;-;-;-;-;-;-;...;-;-;-;-;...;-;...;-;-;-;-;-;-;-;-;-;-;-;-;-;-;-;-;-;-;-;-;-;-;-;-;-;170;-;-;-;-;-;-;-;-;-;-;-;-;-;5400;-;-;-;-;-;-;-;-
Cachoeira Dourada (GO);..;-;-;-;...;-;-;-;-;-;-;-;48;-;-;525;...;-;-;-;-;...;1189000;...;-;-;-;-;-;-;-;-;-;-;-;-;-;-;-;-;-;-;700;-;-;-;-;-;-;51;-;-;-;-;-;20960;-;-;-;-;-;-;-;47250;4800;-;-;-;-;-;-;-
Caçu (GO);..;-;-;-;...;-;-;-;-;-;-;-;-;-;-;125;...;-;-;-;-;...;1719259;...;-;-;-;-;-;-;-;-;-;-;-;-;-;-;-;-;-;-;-;-;-;-;-;-;-;-;-;-;-;-;-;3570;-;-;-;-;-;-;-;10500;852;-;-;-;-;-;-;-
Caiapônia (GO);..;-;138;-;...;-;4438;-;-;-;-;-;-;-;-;-;...;-;-;-;-;...;-;...;-;-;-;-;-;-;-;-;-;-;-;4050;-;-;3100;-;-;-;-;-;-;-;-;-;-;-;-;-;-;945;-;446950;-;-;-;-;-;-;-;462000;28200;-;-;-;-;-;-;-
Caldas Novas (GO);..;-;-;-;...;-;-;-;-;24;-;-;123;-;-;-;...;-;-;-;-;...;573;...;-;-;-;-;-;-;-;-;-;-;-;243;-;-;-;-;-;-;13000;-;-;-;-;-;-;673;-;-;-;-;-;73346;-;-;-;-;-;-;-;147000;17912;-;8000;-;-;-;-;-
Caldazinha (GO);..;-;-;-;...;-;-;-;-;-;-;-;391;-;-;12;...;-;-;-;-;...;462;...;-;-;-;-;-;-;-;-;-;-;-;-;-;-;-;-;-;-;648;-;-;-;-;-;-;1360;-;-;-;-;-;624;-;-;-;-;-;-;-;840;1175;855;-;-;-;-;-;-
Campestre de Goiás (GO);..;-;-;-;...;-;-;-;-;-;-;-;-;-;-;-;...;-;-;-;-;...;-;...;-;-;-;-;-;-;-;-;-;-;-;-;-;-;-;-;-;-;950;-;-;-;-;-;-;-;-;-;-;-;-;1080;-;-;-;-;-;-;-;2604;130;-;-;-;-;-;-;-
Campinaçu (GO);..;-;-;-;...;-;-;-;-;-;-;-;-;-;-;-;...;-;-;-;-;...;-;...;-;-;-;-;-;-;-;-;-;-;-;-;-;-;-;-;-;-;-;-;-;-;-;-;-;284;-;-;-;-;-;1000;-;-;-;-;-;-;-;13261;-;-;-;-;-;-;-;-
Campinorte (GO);..;-;-;-;...;-;-;-;-;-;-;-;35;-;-;-;...;-;-;-;-;...;157500;...;-;-;-;-;-;-;-;-;-;-;-;-;-;-;-;-;-;-;-;-;-;-;-;-;-;133;26;-;-;-;-;11440;-;-;-;-;-;-;-;38280;1450;-;-;-;-;-;-;-
Campo Alegre de Goiás (GO);..;-;-;-;...;-;-;6500;-;4050;-;-;-;-;64750;42;...;-;3000;3000;-;...;40000;...;-;-;9000;-;-;-;-;-;-;-;-;11500;-;-;1400;-;-;-;-;-;-;-;-;-;-;30;-;450;-;-;-;40600;-;-;-;-;-;-;-;231000;29950;-;13230;10297;-;-;-;-
Campo Limpo de Goiás (GO);..;-;-;-;...;-;-;-;-;-;-;-;1854;-;-;-;...;-;-;-;-;...;-;...;-;-;-;-;-;-;-;-;-;-;-;-;-;-;-;-;-;-;690;-;-;-;-;-;-;2700;-;-;-;-;-;1354;-;-;-;-;-;-;-;3150;-;1834;-;-;-;-;-;-
Campos Belos (GO);..;-;-;-;...;-;-;-;-;-;-;-;-;-;-;-;...;-;-;-;-;...;650;...;-;-;-;-;-;-;-;-;-;-;-;-;-;-;-;-;-;-;-;-;-;-;-;-;-;216;-;-;-;-;-;-;-;-;-;-;-;-;-;918;-;-;-;-;-;-;-;-
Campos Verdes (GO);..;-;-;-;...;-;-;-;-;-;-;-;46;-;-;-;...;-;-;-;-;...;-;...;-;-;-;-;-;-;-;-;-;-;-;-;-;-;-;-;-;-;-;-;-;-;-;-;-;285;-;-;-;-;-;295;-;-;-;-;-;-;-;960;-;-;-;-;-;-;-;-
Carmo do Rio Verde (GO);..;-;-;-;...;-;-;-;-;-;-;-;2175;-;-;-;...;-;-;-;-;...;635040;...;-;-;-;-;-;-;-;-;-;-;-;-;-;-;-;-;-;-;-;-;-;-;-;-;-;75;-;1720;-;16209;-;4623;-;-;-;-;-;-;-;2160;-;-;-;-;-;-;-;-
Castelândia (GO);..;-;-;-;...;-;-;-;-;-;-;-;-;-;-;-;...;-;-;-;-;...;467500;...;-;-;-;-;-;-;-;-;-;-;-;-;-;-;-;-;-;-;-;-;-;-;-;-;-;172;-;-;-;-;-;11040;-;-;-;-;-;-;-;19840;-;-;-;-;-;-;-;-
Catalão (GO);..;-;-;-;...;-;-;940;-;351;-;-;-;-;-;-;...;-;-;-;-;...;1400;...;-;-;7000;-;-;-;-;-;-;-;-;13750;-;-;2599;-;-;-;10000;-;-;-;-;-;-;600;-;-;-;-;-;60000;-;-;-;-;-;-;-;346500;40600;-;4389;21200;-;-;-;-
Caturaí (GO);..;-;-;-;...;-;-;-;-;-;-;-;240;-;-;-;...;-;-;-;-;...;-;...;-;-;-;-;-;-;-;-;-;-;-;-;-;-;-;-;-;-;-;-;-;-;-;-;-;-;-;-;-;-;-;6060;-;-;-;-;-;-;-;8082;460;-;-;-;-;-;-;-
Cavalcante (GO);..;-;-;-;...;-;-;-;-;-;-;-;180;-;-;-;...;-;-;-;-;...;-;...;-;-;-;-;-;-;-;-;-;-;-;-;-;-;-;-;-;-;-;-;-;-;-;-;-;2678;-;-;-;-;-;-;-;-;-;-;-;-;-;3857;-;-;-;-;-;-;-;-
Ceres (GO);..;-;-;-;...;-;-;-;-;-;-;-;545;-;-;-;...;-;-;-;-;...;-;...;-;-;-;-;-;-;-;-;-;-;-;-;-;-;-;-;-;-;-;-;-;-;-;-;-;600;-;-;-;3317;-;4109;-;-;-;-;-;-;-;1512;-;-;-;-;-;-;-;-
Cezarina (GO);..;-;-;-;...;-;504;-;-;-;-;-;-;-;-;-;...;-;-;-;-;...;-;...;-;-;-;-;-;-;-;-;-;-;-;-;-;-;-;-;-;-;-;90;-;-;-;-;-;140;-;-;-;-;-;14000;-;-;-;-;-;-;-;26250;4480;-;-;-;-;-;-;-
Chapadão do Céu (GO);..;-;-;-;...;-;47150;-;-;-;-;-;-;-;-;-;...;-;-;-;-;...;2295000;...;-;-;-;-;-;-;-;-;-;-;-;2520;-;-;3750;-;-;-;-;-;-;-;-;-;-;-;-;-;-;-;-;546260;-;-;-;-;-;-;-;328250;19320;-;-;-;-;-;-;-
Cidade Ocidental (GO);..;-;-;-;...;-;-;-;-;-;-;-;-;-;-;-;...;-;-;-;-;...;-;...;-;-;-;-;-;-;-;-;-;-;-;1129;-;-;-;-;-;-;-;-;-;-;-;-;-;-;-;-;-;-;-;39143;-;-;-;-;-;-;-;22460;1646;840;-;-;-;-;-;-
Cocalzinho de Goiás (GO);..;-;-;-;...;-;-;-;-;-;-;-;511;-;-;30;...;-;-;-;-;...;-;...;-;-;-;-;-;-;-;-;-;-;-;-;-;-;-;-;-;-;-;-;-;-;-;-;-;2940;-;-;-;-;-;29700;-;-;-;-;-;-;-;43625;4320;-;12630;-;-;-;-;48
Colinas do Sul (GO);..;-;-;-;...;-;-;-;-;-;-;-;69;-;-;750;...;-;-;-;-;...;600;...;-;-;-;-;-;-;-;-;-;-;-;-;-;-;-;-;-;-;-;-;-;-;-;-;-;342;-;-;-;-;-;-;-;-;-;-;-;-;-;-;-;-;-;-;-;-;-;-
Córrego do Ouro (GO);..;-;-;-;...;-;-;-;-;-;-;-;693;-;-;-;...;-;-;-;-;...;-;...;-;-;-;-;-;-;-;-;-;-;-;-;-;-;-;-;-;-;-;-;-;-;-;-;-;302;-;-;-;-;-;500;-;-;-;-;-;-;-;384;-;-;-;-;-;-;-;-
Corumbá de Goiás (GO);..;-;-;-;...;-;-;-;-;-;-;-;700;-;-;-;...;-;-;-;-;...;-;...;-;-;-;-;-;-;-;-;-;-;-;598;-;-;-;-;-;-;-;-;-;-;-;-;-;1550;-;-;-;-;-;14500;-;-;-;-;-;-;-;35376;3000;-;12905;-;-;-;-;15
Corumbaíba (GO);..;-;-;-;...;-;-;-;-;-;-;-;-;-;-;-;...;-;-;-;-;...;500;...;-;-;-;-;-;-;-;-;-;-;-;-;-;-;300;-;-;-;-;-;-;-;-;-;-;150;-;-;-;-;-;1710;-;-;-;-;-;-;-;48000;1150;-;-;-;-;-;-;-
Cristalina (GO);..;220;-;-;...;-;35312;36250;-;-;-;-;-;-;137250;-;...;-;6000;6000;-;...;-;...;-;-;139500;-;-;-;-;-;-;-;-;48937;-;-;1260;-;-;-;-;-;-;-;-;-;-;-;1275;-;-;-;-;626802;-;-;-;-;-;-;-;1323300;227500;-;336000;15067;-;-;-;257
Cristianópolis (GO);..;-;-;-;...;-;-;-;-;-;-;-;-;-;-;-;...;-;-;-;-;...;-;...;-;-;-;-;-;-;-;-;-;-;-;-;-;-;-;-;-;-;-;-;-;-;-;-;-;281;-;-;-;-;-;9750;-;-;-;-;-;-;-;23560;1953;-;-;-;-;-;-;-
Crixás (GO);..;-;-;-;...;-;-;-;-;-;-;-;165;-;-;-;...;-;-;-;-;...;1125;...;-;-;-;-;-;-;-;-;-;-;-;-;-;-;-;-;-;-;-;-;-;-;-;-;-;536;-;-;-;-;-;1680;-;-;-;-;-;-;-;-;-;-;-;-;-;-;-;-
Cromínia (GO);..;-;-;-;...;-;-;-;-;44;-;-;221;-;-;-;...;-;-;-;-;...;-;...;-;-;-;-;-;-;-;-;-;-;-;216;-;-;-;-;-;-;396;-;-;-;-;-;-;308;-;-;-;-;-;6328;-;-;-;-;-;-;-;20880;148;-;-;-;-;-;-;-
Cumari (GO);..;-;-;-;...;-;-;-;-;-;-;-;-;-;-;200;...;-;-;-;-;...;-;...;-;-;-;-;-;-;-;-;-;-;-;-;-;-;-;-;-;-;-;-;-;-;-;-;-;-;-;-;-;-;-;896;-;-;-;-;-;-;-;11970;1200;-;-;-;-;-;-;-
Damianópolis (GO);..;-;-;-;...;-;-;-;-;-;-;-;-;-;-;-;...;-;-;-;-;...;-;...;-;-;-;-;-;-;-;-;-;-;-;-;-;-;-;-;-;-;-;-;-;-;-;-;-;50;-;-;-;-;-;-;-;-;-;-;-;-;-;-;-;-;-;-;-;-;-;-
Damolândia (GO);..;-;-;-;...;-;-;-;-;-;-;-;-;-;-;-;...;-;-;-;-;...;-;...;-;-;-;-;-;-;-;-;-;-;-;-;-;-;-;-;-;-;-;-;-;-;-;-;-;-;-;-;-;-;-;1185;-;-;-;-;-;-;-;637;-;-;-;-;-;-;-;-
Davinópolis (GO);..;-;-;-;...;-;-;-;-;-;-;-;-;-;-;-;...;-;-;-;-;...;-;...;-;-;-;-;-;-;-;-;-;-;-;-;-;-;-;-;-;-;-;-;-;-;-;-;-;32;-;-;-;-;-;1500;-;-;-;-;-;-;-;11880;600;-;-;-;-;-;-;-
Diorama (GO);..;-;-;-;...;-;-;-;-;-;-;-;200;-;-;-;...;-;-;-;-;...;-;...;-;-;-;-;-;-;-;-;-;-;-;-;-;-;-;-;-;-;-;-;-;-;-;-;-;306;-;-;-;-;-;12000;-;-;-;-;-;-;-;18000;-;-;-;-;-;-;-;-
Doverlândia (GO);..;-;-;-;...;-;-;-;-;-;-;-;-;-;-;-;...;-;-;-;-;...;-;...;-;-;-;-;-;-;-;-;-;-;-;3750;-;-;1700;-;-;-;-;-;-;-;-;-;-;-;-;-;-;-;-;264000;-;-;-;-;-;-;-;256000;14100;-;-;-;-;-;-;-
Edealina (GO);..;-;-;-;...;-;-;-;-;-;-;-;-;-;-;-;...;-;-;-;-;...;6750;...;-;-;-;-;-;-;-;-;-;-;-;114;-;-;-;1015;-;-;-;-;-;-;-;-;-;-;-;-;-;-;-;10630;-;799;-;-;-;-;-;61200;8125;-;36945;-;-;-;-;-
Edéia (GO);..;-;-;-;...;-;-;-;-;-;-;-;-;-;-;510;...;-;-;-;-;...;2400000;...;-;-;-;-;-;-;-;-;-;-;-;895;-;-;690;-;-;-;-;-;-;-;-;-;-;-;-;-;-;-;-;33600;-;-;-;-;-;-;-;100300;20400;-;9360;-;-;-;-;-
Estrela do Norte (GO);..;-;-;-;...;-;-;-;-;-;-;-;-;-;-;-;...;-;-;-;-;...;-;...;-;-;-;-;-;-;-;-;-;-;-;-;-;-;-;-;-;-;-;-;-;-;-;-;-;138;-;-;-;-;-;1008;-;-;-;-;-;-;-;4514;-;-;-;-;-;-;-;-
Faina (GO);..;-;-;-;...;-;-;-;-;-;-;-;53;-;-;-;...;-;-;-;-;...;-;...;-;-;-;-;-;-;-;-;-;-;-;-;-;-;-;-;-;-;-;-;-;-;-;-;-;-;-;158;-;-;-;573;-;-;-;-;-;-;-;160;-;-;-;-;-;-;-;-
Fazenda Nova (GO);..;-;-;-;...;-;-;-;-;-;-;-;209;-;-;-;...;-;-;-;-;...;-;...;-;-;-;-;-;-;-;-;-;-;-;-;-;-;-;-;-;-;-;-;-;-;-;-;-;510;-;-;-;-;-;-;-;136;-;-;-;-;-;15000;-;-;-;-;-;-;-;-
Firminópolis (GO);..;-;-;-;...;-;-;-;-;-;-;-;381;-;-;-;...;-;-;-;-;...;-;...;-;-;-;-;-;-;-;-;-;-;-;-;-;-;-;-;-;-;-;-;-;-;-;-;-;1105;-;-;-;-;-;72000;-;-;-;-;-;-;-;82800;-;-;-;-;-;-;-;-
Flores de Goiás (GO);..;-;-;-;...;-;-;-;-;62681;-;-;1100;-;-;-;...;-;-;-;-;...;-;...;-;-;240;-;-;-;-;-;-;-;-;6615;-;-;-;-;-;-;-;-;-;-;-;-;-;7507;-;700;-;1452;-;31167;-;-;-;-;-;-;-;16146;2073;-;-;-;-;-;-;-
Formosa (GO);..;-;-;-;...;-;-;23;-;2215;-;-;880;-;-;-;...;-;-;-;-;...;16250;...;-;-;-;-;-;-;342;-;-;-;-;11130;-;-;-;107;-;-;-;55;-;-;-;-;-;8336;36;270;-;-;-;67107;-;-;-;-;-;-;-;103493;4632;650;8976;5000;-;-;-;84
Formoso (GO);..;-;-;-;...;-;-;-;-;-;-;-;-;-;-;-;...;-;-;-;-;...;-;...;-;-;-;-;-;-;-;-;-;-;-;-;-;-;-;-;-;-;-;-;-;-;-;-;-;144;-;-;-;-;-;2192;-;-;-;-;-;-;-;520;-;-;-;-;-;-;-;-
Gameleira de Goiás (GO);..;46;-;-;...;-;-;-;-;-;-;-;-;-;-;-;...;-;32;32;-;...;780;...;-;-;-;-;-;-;-;-;-;-;-;1400;-;-;750;-;-;-;2940;-;-;-;-;-;-;740;-;60;-;-;-;95900;-;74;-;-;-;-;-;118800;23400;278;22000;-;-;-;-;-
Divinópolis de Goiás (GO);..;-;-;-;...;-;-;-;-;-;-;-;-;-;-;-;...;-;-;-;-;...;-;...;-;-;-;-;-;-;-;-;-;-;-;-;-;-;-;-;-;-;-;-;-;-;-;-;-;-;-;-;-;-;-;-;-;-;-;-;-;-;-;108;288;-;-;-;-;-;-;-
Goianápolis (GO);..;45;-;-;...;-;-;-;-;-;-;-;1020;-;-;-;...;-;-;-;-;...;-;...;-;-;-;-;-;-;-;-;-;-;-;-;-;-;-;-;-;-;5051;-;-;-;-;-;-;1133;-;-;-;-;-;4332;-;-;-;-;-;-;-;6750;-;1505;428;-;-;-;-;-
Goiandira (GO);..;-;-;-;...;-;-;-;-;-;-;-;-;-;-;-;...;-;-;-;-;...;-;...;-;-;-;-;-;-;-;-;-;-;-;560;-;-;240;-;-;-;-;-;-;-;-;-;-;100;-;-;-;-;-;4600;-;-;-;-;-;-;-;13860;800;-;-;-;-;-;-;-
Goianésia (GO);..;-;-;-;...;-;-;-;-;-;-;-;572;-;-;1860;...;-;-;-;-;...;3948500;...;-;-;-;-;-;-;-;-;-;-;-;420;-;-;-;-;-;-;-;-;-;-;-;-;-;1057;-;-;-;-;-;10640;-;-;-;-;-;-;-;11520;-;-;-;-;-;-;-;-
Goiânia (GO);..;-;-;-;...;-;-;-;-;-;-;-;52;-;-;-;...;-;-;-;-;...;-;...;-;-;-;-;-;-;58;-;-;-;-;-;-;-;93;-;-;-;-;96;-;-;-;-;-;1360;15;-;-;-;-;7308;-;-;-;-;-;-;-;11490;468;120;1816;-;-;-;-;-
Goianira (GO);..;-;-;-;...;-;-;-;-;-;-;-;50;-;-;29;...;-;35;35;-;...;72000;...;-;-;-;-;-;-;-;-;-;-;-;-;-;-;-;-;-;-;551;-;-;-;-;-;-;-;-;-;-;-;-;8160;-;-;-;-;-;-;-;7740;-;-;-;-;-;-;-;-
Goiás (GO);..;-;-;-;...;-;-;-;-;900;-;-;258;-;-;-;...;-;-;-;-;...;-;...;-;-;-;-;-;-;-;-;-;-;-;2700;-;-;-;-;-;-;-;-;-;-;-;-;-;496;-;-;-;-;-;45600;-;-;-;-;-;-;-;32000;11400;-;-;-;-;-;-;-
Goiatuba (GO);..;-;-;-;...;-;4043;-;-;-;-;-;224;-;-;90;...;-;-;-;-;...;3776500;...;-;-;-;-;-;-;47;-;-;-;-;2813;-;-;108;-;-;-;1232;-;-;-;-;-;-;192;-;-;-;-;-;136150;-;-;-;-;-;-;-;315000;24000;-;-;-;-;-;-;-
Gouvelândia (GO);..;-;-;-;...;-;-;-;-;-;-;-;-;-;-;-;...;-;-;-;-;...;2106823;...;-;-;-;-;-;-;-;-;-;-;-;-;-;-;130;-;-;-;-;-;-;-;-;-;-;-;-;-;-;-;-;4590;-;-;-;-;-;-;-;33048;785;-;-;-;-;-;-;-
Guapó (GO);..;-;-;-;...;-;-;-;-;178;-;-;113;-;-;-;...;-;-;-;-;...;-;...;-;-;-;-;-;-;-;-;-;-;-;-;-;-;-;-;-;-;-;-;-;-;-;-;-;238;-;-;-;-;-;4725;-;-;-;-;-;-;-;17680;-;-;-;-;-;-;-;-
Guaraíta (GO);..;-;-;-;...;-;-;-;-;12;-;-;-;-;-;-;...;-;-;-;-;...;-;...;-;-;-;-;-;-;-;-;-;-;-;-;-;-;-;-;-;-;-;-;-;-;-;-;-;75;-;-;-;-;-;390;-;-;-;-;-;-;-;-;-;-;-;-;-;-;-;-
Guarani de Goiás (GO);..;-;-;-;...;-;-;-;-;-;-;-;-;-;-;-;...;-;-;-;-;...;-;...;-;-;-;-;-;-;24;-;-;-;-;-;-;-;-;-;-;-;-;-;-;-;-;-;-;96;-;-;-;-;-;-;-;-;-;-;-;-;-;945;-;-;-;-;-;-;-;-
Guarinos (GO);..;-;-;-;...;-;-;-;-;-;-;-;-;-;-;-;...;-;-;-;-;...;-;...;-;-;-;-;-;-;-;-;-;-;-;-;-;-;-;-;-;-;-;-;-;-;-;-;-;100;-;-;-;-;-;-;-;-;-;-;-;-;-;-;-;-;-;-;-;-;-;-
Heitoraí (GO);..;-;-;-;...;-;-;-;-;-;-;-;760;-;-;-;...;-;-;-;-;...;-;...;-;-;-;-;-;-;-;-;-;-;-;-;-;-;-;-;-;-;-;-;-;-;-;-;-;-;-;-;-;-;-;2625;-;-;-;-;-;-;-;5100;290;-;-;-;-;-;-;-
Hidrolândia (GO);..;-;-;-;...;-;-;-;-;-;-;-;99;-;-;-;...;-;-;-;-;...;-;...;-;-;-;-;-;-;-;-;-;-;-;430;-;-;-;-;-;-;28000;480;-;-;-;-;-;270;-;-;-;-;-;13020;-;-;-;-;-;-;-;49600;4550;1520;46500;-;-;-;-;-
Hidrolina (GO);..;-;4000;-;...;-;-;-;-;-;-;-;46;-;-;572;...;-;-;-;-;...;105000;...;-;-;-;-;-;-;-;-;-;-;-;-;-;-;-;-;-;-;-;-;-;-;-;-;-;360;-;-;-;2880;-;1200;-;108;-;-;-;-;-;12210;-;-;-;-;-;-;-;-
Iaciara (GO);..;-;-;-;...;-;-;-;-;-;-;-;-;-;-;-;...;-;-;-;-;...;-;...;-;-;-;-;-;-;-;-;-;-;-;324;-;-;-;-;-;-;-;-;-;-;-;-;-;300;-;-;-;-;-;1400;-;-;-;-;-;-;-;10618;-;-;-;-;-;-;-;-
Inaciolândia (GO);..;-;-;-;...;-;-;-;-;-;-;-;-;-;-;-;...;-;-;-;-;...;1501000;...;-;-;-;-;-;-;-;-;-;-;-;-;-;-;170;-;-;-;2910;-;-;-;-;-;-;240;-;-;-;-;-;20328;-;-;-;-;-;-;-;51060;3900;-;-;-;-;-;-;-
Indiara (GO);..;-;90;-;...;-;-;-;-;-;-;-;65;-;-;-;...;-;-;-;-;...;322040;...;-;-;-;-;-;-;-;-;-;-;-;3160;-;-;680;-;-;-;1365;-;-;-;-;-;-;168;-;-;-;-;-;64800;-;-;-;-;-;-;-;117300;7260;-;-;980;-;-;-;-
Inhumas (GO);..;-;-;-;...;-;-;-;-;-;-;-;680;-;-;46;...;-;202;202;-;...;410800;...;-;-;-;-;-;-;-;-;-;-;-;-;-;-;-;-;-;-;7152;45;-;-;-;-;-;6400;-;-;-;-;-;6840;-;-;-;-;-;-;-;9000;1708;672;-;-;-;-;-;-
Ipameri (GO);..;140;-;-;...;-;-;2000;-;1350;-;-;-;-;-;-;...;-;1120;1120;-;...;918000;...;-;-;8900;-;-;-;-;-;-;-;-;8806;-;-;3825;-;-;-;-;-;-;-;-;-;-;500;-;-;-;-;-;129000;-;-;-;-;-;-;-;343200;72600;-;21000;-;-;-;-;-
Ipiranga de Goiás (GO);..;-;-;-;...;-;-;-;-;112;-;-;-;-;-;-;...;-;-;-;-;...;342587;...;-;-;-;-;-;-;-;-;-;-;-;-;-;-;-;-;-;-;-;-;-;-;-;-;-;572;-;-;-;2298;-;1892;-;-;-;-;-;-;-;1599;-;-;-;-;-;-;-;-
Iporá (GO);..;-;-;-;...;-;-;-;-;-;-;-;307;-;-;-;...;-;-;-;-;...;-;...;-;-;-;-;-;-;-;-;-;-;-;-;-;-;-;-;-;-;-;-;-;-;-;-;-;1190;-;-;-;-;-;21060;-;-;-;-;-;-;-;39000;-;-;-;-;-;-;-;-
Israelândia (GO);..;-;-;-;...;-;-;-;-;-;-;-;-;-;-;-;...;-;-;-;-;...;-;...;-;-;-;-;-;-;-;-;-;-;-;-;-;-;-;-;-;-;-;-;-;-;-;-;-;306;-;-;-;-;-;-;-;-;-;-;-;-;-;6000;-;-;-;-;-;-;-;-
Itaberaí (GO);..;-;-;-;...;-;-;-;-;3500;-;-;2475;-;-;-;...;-;-;-;-;...;158000;...;-;-;-;-;-;-;-;-;-;-;-;7185;-;-;-;-;-;-;38700;1000;-;-;-;-;-;16350;-;-;-;2250;-;124200;-;-;-;-;-;-;-;118800;8400;3200;33845;-;-;-;-;680
Itaguari (GO);..;-;-;-;...;-;-;-;-;-;-;-;4125;-;-;-;...;-;-;-;-;...;-;...;-;-;-;-;-;-;-;-;-;-;-;-;-;-;-;-;-;-;-;-;-;-;-;-;-;3200;-;-;-;1750;-;6360;-;-;-;-;-;-;-;5320;-;-;-;-;-;-;-;-
Itaguaru (GO);..;-;-;-;...;-;-;-;-;66;-;-;4800;-;-;-;...;-;-;-;-;...;-;...;-;-;-;-;-;-;-;-;-;-;-;-;-;-;-;-;-;-;3600;-;-;-;-;-;-;1050;-;-;-;1500;-;2810;-;-;-;-;-;-;-;2520;-;-;-;-;-;-;-;-
Itajá (GO);..;-;-;-;...;-;-;-;1954;-;-;-;-;-;-;24;...;-;-;-;-;...;50000;...;-;-;-;-;-;-;-;-;-;-;-;-;-;-;-;-;-;-;-;-;-;-;-;-;-;110;-;-;-;-;-;65;-;-;-;-;-;-;-;11081;-;-;-;-;-;-;-;-
Itapaci (GO);..;-;-;-;...;-;-;-;-;-;-;-;-;-;-;-;...;-;-;-;-;...;487024;...;-;-;-;-;-;-;-;-;-;-;-;55;-;-;-;-;-;-;-;-;-;-;-;-;-;480;-;-;-;5832;-;2192;-;-;-;-;-;-;-;7240;400;-;-;-;-;-;-;-
Itapirapuã (GO);..;-;-;-;...;-;-;-;-;-;-;-;-;-;-;-;...;-;-;-;-;...;-;...;-;-;-;-;-;-;-;-;-;-;-;1200;-;-;-;-;-;-;-;-;-;-;-;-;-;289;-;-;-;-;-;1124;-;-;-;-;-;-;-;14400;-;-;-;-;-;-;-;-
Itapuranga (GO);..;-;-;-;...;-;-;-;-;52;-;-;1036;-;-;-;...;-;-;-;-;...;485746;...;-;-;-;-;-;-;-;-;-;-;-;-;-;-;-;-;-;-;-;-;-;-;-;287;-;416;-;2239;-;14658;-;1767;-;6694;-;-;-;-;-;592;150;-;-;-;-;-;-;-
Itarumã (GO);..;-;-;-;...;-;-;-;-;-;-;-;-;-;-;-;...;-;-;-;-;...;765170;...;-;-;-;-;-;-;-;-;-;-;-;-;-;-;-;-;-;-;-;-;-;-;-;-;-;240;-;-;-;-;-;2640;-;-;-;-;-;-;-;25950;-;-;-;-;-;-;-;-
Itauçu (GO);..;-;-;-;...;-;-;-;-;-;-;-;2250;-;-;-;...;-;-;-;-;...;-;...;-;-;-;-;-;-;-;-;-;-;-;-;-;-;-;-;-;-;800;-;-;-;-;-;-;-;-;-;-;-;-;7103;-;-;-;-;-;-;-;7380;318;-;-;-;-;-;-;180
Itumbiara (GO);..;-;-;-;...;-;351;-;-;-;-;-;2840;-;-;-;...;-;-;-;-;...;3608000;...;-;-;-;-;-;-;179;-;-;-;-;150;-;-;1333;-;-;-;160;-;-;-;-;-;-;850;-;-;-;-;-;80270;-;-;-;-;-;-;-;198000;9000;-;-;-;-;-;-;-
Ivolândia (GO);..;-;-;-;...;-;-;-;-;-;-;-;-;-;-;-;...;-;-;-;-;...;-;...;-;-;-;-;-;-;-;-;-;-;-;-;-;-;-;-;-;-;-;-;-;-;-;-;-;595;-;-;-;-;-;-;-;-;-;-;-;-;-;12000;-;-;-;-;-;-;-;-
Jandaia (GO);..;-;160;-;...;-;-;-;-;-;-;-;-;-;-;30;...;-;-;-;-;...;882000;...;-;-;-;-;-;-;-;-;-;-;-;2300;-;-;-;-;-;-;-;-;-;-;-;-;-;120;-;-;-;-;-;10000;-;-;-;-;-;-;-;41600;7750;-;-;-;-;-;-;-
Jaraguá (GO);..;-;31500;-;...;-;-;-;-;-;-;-;1900;-;-;-;...;-;-;-;-;...;10800;...;-;-;-;-;-;-;-;-;-;-;-;-;-;-;-;-;-;-;444;-;-;-;-;-;-;3920;-;-;-;12000;-;410;-;-;-;-;-;-;-;14400;-;280;670;-;-;-;-;25
Jataí (GO);..;-;-;-;...;-;1587;-;-;-;-;-;225;-;-;-;...;-;-;-;-;...;2640000;...;-;-;-;-;-;-;-;-;-;-;-;6454;-;-;4356;-;-;-;-;-;-;-;-;-;-;-;-;-;-;-;-;1896700;-;104;-;-;-;-;-;1170000;45750;-;-;600;-;-;-;-
Jaupaci (GO);..;-;-;-;...;-;-;-;-;-;-;-;100;-;-;-;...;-;-;-;-;...;-;...;-;-;-;-;-;-;-;-;-;-;-;-;-;-;-;-;-;-;-;-;-;-;-;-;-;680;-;-;-;-;-;-;-;-;-;-;-;-;-;15000;-;-;-;-;-;-;-;-
Jesúpolis (GO);..;-;560;-;...;-;-;-;-;54;-;-;226;-;-;-;...;-;-;-;-;...;-;...;-;-;-;-;-;-;-;-;-;-;-;-;-;-;-;-;-;-;-;-;-;-;-;-;-;240;-;-;-;-;-;600;-;-;-;-;-;-;-;1152;140;-;2010;-;-;-;-;-
Joviânia (GO);..;-;-;-;...;-;-;-;-;-;-;-;60;-;-;-;...;-;-;-;-;...;157593;...;-;-;-;-;-;-;-;-;-;-;-;997;-;-;-;-;-;-;-;-;-;-;-;-;-;160;-;-;-;-;-;43500;-;-;-;-;-;-;-;79350;4500;-;4640;-;-;-;-;-
Jussara (GO);..;-;-;-;...;-;1636;-;-;-;-;-;-;-;-;-;...;-;-;-;-;...;-;...;-;-;-;-;-;-;-;-;-;-;-;19710;-;-;-;-;-;-;-;-;-;-;-;-;-;-;-;-;-;36000;-;9600;-;-;-;-;-;-;-;64000;-;-;-;-;-;-;-;-
Lagoa Santa (GO);..;-;-;-;...;-;-;-;-;-;-;-;-;-;-;-;...;-;-;-;-;...;-;...;-;-;-;-;-;-;-;-;-;-;-;-;-;-;-;-;-;-;-;20;-;-;-;-;-;120;-;-;-;-;-;47;-;-;-;-;-;-;-;-;-;-;-;-;-;-;-;-
Leopoldo de Bulhões (GO);..;-;-;-;...;-;-;-;-;-;-;-;-;-;-;-;...;-;-;-;-;...;1190;...;-;-;-;-;-;-;-;-;-;-;-;-;-;-;-;-;-;-;3360;-;-;-;-;-;-;740;-;-;-;-;-;39840;-;-;-;-;-;-;-;46800;1050;185;2240;-;-;-;-;-
Luziânia (GO);..;-;-;-;...;-;13928;2610;-;-;-;-;-;-;-;-;...;-;-;-;-;...;-;...;-;-;2030;-;-;-;-;-;-;-;-;19214;-;-;5270;-;-;-;-;-;-;-;-;-;-;-;-;-;-;-;-;246381;-;-;-;-;-;-;-;249935;20994;-;57000;28635;-;-;-;-
Mairipotaba (GO);..;-;-;-;...;-;-;-;-;75;-;-;121;-;-;15;...;-;-;-;-;...;-;...;-;-;-;-;-;-;-;-;-;-;-;-;-;-;176;-;-;-;436;-;-;-;-;-;-;480;-;-;-;-;-;1555;-;-;-;-;-;-;-;28635;5676;-;-;-;-;-;-;-
Mambaí (GO);..;-;-;-;...;-;-;-;-;-;-;-;-;-;-;-;...;-;-;-;-;...;-;...;-;-;-;-;-;-;-;-;-;-;-;-;-;-;-;-;-;-;-;-;-;-;-;-;-;130;-;200;-;200;-;-;-;-;-;-;-;-;-;192;-;-;-;-;-;-;-;-
Mara Rosa (GO);..;-;-;-;...;-;-;-;-;-;-;-;115;-;-;-;...;-;-;-;-;...;600;...;-;-;-;-;-;-;-;-;-;-;-;-;-;-;-;-;-;-;-;-;-;-;-;-;-;304;-;-;-;1200;-;3550;-;-;-;-;-;-;-;22770;-;-;-;-;-;-;-;-
Marzagão (GO);..;-;-;-;...;-;-;-;-;25;-;-;-;-;-;-;...;-;-;-;-;...;1065;...;-;-;-;-;-;-;-;-;-;-;-;130;-;-;536;-;-;-;-;-;-;-;-;-;-;164;-;-;-;-;-;3083;-;-;-;-;-;-;-;11550;275;-;-;-;-;-;-;-
Matrinchã (GO);..;-;-;-;...;-;-;-;-;660;-;-;-;-;-;-;...;-;-;-;-;...;-;...;-;-;-;-;-;-;-;-;-;-;-;4500;-;-;-;-;-;-;-;-;-;-;-;-;-;510;-;-;-;-;-;11000;-;-;-;-;-;-;-;44800;2280;-;-;-;-;-;-;-
Maurilândia (GO);..;-;-;-;...;-;-;-;-;-;-;-;-;-;-;-;...;-;-;-;-;...;1072450;...;-;-;-;-;-;-;-;-;-;-;-;-;-;-;-;-;-;-;-;-;-;-;-;-;-;156;-;-;-;1610;-;27260;-;-;-;-;-;-;-;39754;3750;-;-;-;-;-;-;-
Mimoso de Goiás (GO);..;-;-;-;...;-;-;-;-;-;-;-;-;-;-;-;...;-;-;-;-;...;-;...;-;-;-;-;-;-;-;-;-;-;-;-;-;-;515;-;-;-;-;-;-;-;-;-;-;450;-;-;-;-;-;64530;-;-;-;-;-;-;-;80379;780;-;-;-;-;-;-;-
Minaçu (GO);..;-;-;-;...;-;-;-;-;-;-;-;-;-;-;-;...;-;-;-;-;...;-;...;-;-;-;-;-;-;-;-;-;-;-;-;-;-;-;-;-;-;-;-;-;-;-;-;-;740;-;-;-;-;-;1023;-;-;-;-;-;-;-;4576;-;-;-;-;-;-;-;-
Mineiros (GO);..;-;-;-;...;-;3650;-;-;-;-;-;-;-;-;-;...;-;-;-;-;...;4938500;...;-;-;-;-;-;-;-;-;-;-;-;3575;-;-;-;-;-;-;-;-;-;-;-;-;-;-;-;-;-;-;-;787200;-;-;-;-;-;-;-;472500;29000;-;-;-;-;-;-;-
Moiporá (GO);..;-;-;-;...;-;-;-;-;-;-;-;160;-;-;-;...;-;-;-;-;...;-;...;-;-;-;-;-;-;-;-;-;-;-;-;-;-;-;-;-;-;-;-;-;-;-;-;-;-;-;-;-;-;-;-;-;-;-;-;-;-;-;6000;-;-;-;-;-;-;-;-
Monte Alegre de Goiás (GO);..;-;-;-;...;-;-;-;-;-;-;-;-;-;-;-;...;-;-;-;-;...;-;...;-;-;-;-;-;-;-;-;-;-;-;-;-;-;-;-;-;-;-;-;-;-;-;-;-;80;-;-;-;-;-;-;-;-;-;-;-;-;-;5892;765;-;-;-;-;-;-;-
Montes Claros de Goiás (GO);..;-;-;-;...;-;-;-;-;-;-;-;500;-;-;-;...;-;-;-;-;...;540000;...;-;-;-;-;-;-;-;-;-;-;-;-;-;-;-;-;-;-;-;-;-;-;-;-;-;850;-;-;-;-;-;19200;-;-;-;-;-;-;-;156000;-;-;-;-;-;-;-;-
Montividiu (GO);..;-;-;-;...;-;6240;-;-;2112;-;-;-;-;-;-;...;-;-;-;-;...;91000;...;-;-;-;-;-;-;-;-;-;-;-;2920;-;-;4811;-;-;-;-;-;-;-;-;-;-;290;-;-;-;-;-;636220;-;-;-;-;-;-;-;523300;49500;-;-;-;-;-;-;-
Montividiu do Norte (GO);..;-;-;-;...;-;-;-;-;-;-;-;-;-;-;-;...;-;-;-;-;...;-;...;-;-;-;-;-;-;-;-;-;-;-;-;-;-;-;-;-;-;-;-;-;-;-;-;-;264;-;-;-;-;-;1085;-;-;-;-;-;-;-;8722;-;-;-;-;-;-;-;-
Morrinhos (GO);..;-;1925;-;...;-;836;-;-;50;-;-;2660;-;-;266;...;-;-;-;-;...;1570673;...;-;-;-;-;-;-;-;-;-;-;-;6360;-;-;390;1920;-;-;2812;-;-;-;-;-;-;1294;-;-;-;-;-;52960;-;1200;-;-;-;-;-;192600;22597;-;191000;-;-;-;-;-
Morro Agudo de Goiás (GO);..;-;-;-;...;-;-;-;-;-;-;-;160;-;-;-;...;-;-;-;-;...;-;...;-;-;-;-;-;-;-;-;-;-;-;-;-;-;-;-;-;-;-;-;-;-;-;-;-;199;-;-;-;-;-;1275;-;-;-;-;-;-;-;-;-;-;-;-;-;-;-;-
Mossâmedes (GO);..;-;-;-;...;-;-;-;-;-;-;-;1169;-;-;-;...;-;-;-;-;...;32531;...;-;-;-;-;-;-;-;-;-;-;-;2646;-;-;-;-;-;-;-;-;-;-;-;-;-;960;-;-;-;-;-;14100;-;-;-;-;-;-;-;13440;473;-;-;-;-;-;-;-
Mozarlândia (GO);..;-;-;-;...;-;-;-;-;-;-;-;-;-;-;234;...;-;-;-;-;...;-;...;-;-;-;-;-;-;-;-;-;-;-;600;-;-;-;-;-;-;-;-;-;-;-;-;-;510;-;-;-;-;-;2400;-;-;-;-;-;-;-;14400;-;-;-;-;-;-;-;-
Mundo Novo (GO);..;-;-;-;...;-;-;-;-;-;-;-;198;-;-;289;...;-;-;-;-;...;1500;...;-;-;-;-;-;-;-;-;-;-;-;1500;-;-;-;-;-;-;-;-;-;-;-;726;-;2466;-;-;-;3000;-;7850;-;-;-;-;-;-;-;70000;1120;-;-;-;-;-;-;-
Mutunópolis (GO);..;-;-;-;...;-;-;-;-;-;-;-;-;-;-;-;...;-;-;-;-;...;-;...;-;-;-;-;-;-;-;-;-;-;-;-;-;-;-;-;-;-;-;-;-;-;-;-;-;358;-;-;-;-;-;707;-;-;-;-;-;-;-;4386;-;-;-;-;-;-;-;-
Nazário (GO);..;-;-;-;...;-;-;-;-;-;-;-;-;-;-;-;...;-;-;-;-;...;31200;...;-;-;-;-;-;-;-;-;-;-;-;-;-;-;-;-;-;-;-;-;-;-;-;-;-;-;-;-;-;-;-;6070;-;-;-;-;-;-;-;8556;900;-;-;-;-;-;-;80
Nerópolis (GO);..;-;-;-;...;-;-;-;-;-;-;-;157;-;-;-;...;-;-;-;-;...;-;...;-;-;-;-;-;-;-;-;-;-;-;-;-;-;-;-;-;-;959;37;-;-;-;-;-;842;-;-;-;-;-;2900;-;-;-;-;-;-;-;4300;435;1968;1287;-;-;-;-;-
Niquelândia (GO);..;-;100;-;...;-;-;-;-;-;-;-;198;-;4800;1638;...;-;720;720;-;...;39000;...;-;-;1200;-;-;-;-;-;-;-;-;1800;-;-;-;-;-;-;-;-;-;-;-;-;-;1045;-;-;-;900;-;44792;-;270;-;-;-;-;-;252000;5800;-;-;6980;-;-;-;-
Nova América (GO);..;-;-;-;...;-;-;-;-;-;-;-;-;-;-;-;...;-;-;-;-;...;52360;...;-;-;-;-;-;-;-;-;-;-;-;-;-;-;-;-;-;-;-;-;-;-;-;-;-;384;-;-;-;-;-;258;-;-;-;-;-;-;-;-;-;-;-;-;-;-;-;-
Nova Aurora (GO);..;-;-;-;...;-;-;-;-;-;-;-;-;-;-;-;...;-;-;-;-;...;1200;...;-;-;-;-;-;-;-;-;-;-;-;-;-;-;-;-;-;-;-;-;-;-;-;-;-;50;-;-;-;-;-;950;-;-;-;-;-;-;-;2900;-;-;-;-;-;-;-;-
Nova Crixás (GO);..;-;-;-;...;-;-;-;-;-;-;-;-;-;-;-;...;-;-;-;-;...;-;...;-;-;-;-;-;-;-;-;-;-;-;1500;-;-;-;-;-;-;-;-;-;-;-;-;-;1613;-;-;-;3000;-;30000;-;-;-;-;-;-;-;160000;-;-;-;-;-;-;-;-
Nova Glória (GO);..;-;-;-;...;-;-;-;-;-;-;-;1611;-;-;350;...;-;-;-;-;...;556750;...;-;-;-;-;-;-;-;-;-;-;-;588;-;-;-;-;-;-;-;-;-;-;-;-;-;-;-;-;-;5063;-;3930;-;-;-;-;-;-;-;3116;-;-;-;-;-;-;-;-
Nova Iguaçu de Goiás (GO);..;-;-;-;...;-;-;-;-;-;-;-;88;-;-;-;...;-;-;-;-;...;600;...;-;-;-;-;-;-;-;-;-;-;-;-;-;-;-;-;-;-;-;-;-;-;-;-;-;162;-;-;-;-;-;-;-;-;-;-;-;-;-;522;-;-;-;-;-;-;-;-
Nova Roma (GO);..;-;-;-;...;-;-;-;-;-;-;-;-;-;-;-;...;-;-;-;-;...;-;...;-;-;-;-;-;-;-;-;-;-;-;-;-;-;-;-;-;-;-;-;-;-;-;-;-;350;-;-;-;384;-;-;-;-;-;-;-;-;-;3165;-;-;-;-;-;-;-;-
Nova Veneza (GO);..;-;-;-;...;-;-;-;-;10;-;-;-;-;-;-;...;-;-;-;-;...;-;...;-;-;-;-;-;-;-;-;-;-;-;-;-;-;-;-;-;-;-;-;-;-;-;-;-;-;-;-;-;-;-;635;-;-;-;-;-;-;-;724;-;-;-;-;-;-;-;-
Novo Brasil (GO);..;-;-;-;...;-;-;-;-;-;-;-;-;-;-;-;...;-;-;-;-;...;-;...;-;-;-;-;-;-;-;-;-;-;-;-;-;-;-;-;-;-;-;-;-;-;-;-;-;1020;-;-;-;-;-;870;-;-;-;-;-;-;-;-;-;-;-;-;-;-;-;-
Novo Gama (GO);..;-;-;-;...;-;-;-;-;-;-;-;-;-;-;-;...;-;-;-;-;...;-;...;-;-;-;-;-;-;-;-;-;-;-;140;-;-;-;-;-;-;-;-;-;-;-;-;-;455;-;-;-;-;-;2864;-;-;-;-;-;-;-;1261;-;-;-;-;-;-;-;-
Novo Planalto (GO);..;-;-;-;...;-;-;-;-;-;-;-;-;-;-;-;...;-;-;-;-;...;-;...;-;-;-;-;-;-;-;-;-;-;-;-;-;-;-;-;-;-;-;-;-;-;-;-;-;262;-;-;-;-;-;1285;-;-;-;-;-;-;-;33221;-;-;-;-;-;-;-;-
Orizona (GO);..;-;-;-;...;-;-;-;-;45;-;-;98;-;-;-;...;-;-;-;-;...;4550;...;-;-;-;-;-;-;-;-;-;-;-;125;-;-;3960;-;-;-;-;-;-;-;-;-;-;1659;-;-;-;-;-;50680;-;-;-;-;-;-;-;151200;17500;-;28140;-;-;-;-;-
Ouro Verde de Goiás (GO);..;-;-;-;...;-;-;-;-;-;-;-;6460;-;-;-;...;-;-;-;-;...;-;...;-;-;-;-;-;-;-;-;-;-;-;-;-;-;-;-;-;-;-;-;-;-;-;-;-;1318;-;-;-;-;-;1685;-;-;-;-;-;-;-;-;-;564;615;-;-;-;-;-
Ouvidor (GO);..;-;-;-;...;-;-;-;-;-;-;-;-;-;-;-;...;-;63;63;-;...;200;...;-;-;-;-;-;-;-;-;-;-;-;-;-;-;-;-;-;-;-;-;-;-;-;-;-;250;-;-;-;-;-;3800;-;-;-;-;-;-;-;20400;4200;-;3900;-;-;-;-;-
Padre Bernardo (GO);..;155;-;-;...;-;-;2200;-;870;-;-;-;-;9450;-;...;-;-;-;-;...;-;...;-;-;370;-;-;-;-;-;-;-;-;6510;-;-;-;263;-;-;-;-;-;-;-;-;-;-;-;-;-;-;-;196550;-;-;-;-;-;-;-;230970;8670;-;360;-;-;-;-;380
Palestina de Goiás (GO);..;-;-;-;...;-;-;-;-;880;-;-;130;-;-;-;...;-;-;-;-;...;-;...;-;-;-;-;-;-;-;-;-;-;-;750;-;-;1980;-;-;-;-;-;-;-;-;-;-;-;-;-;-;-;-;80400;-;-;-;-;-;-;-;63000;2745;-;-;-;-;-;-;-
Palmeiras de Goiás (GO);..;-;-;-;...;-;3167;-;-;-;-;-;99;-;-;396;...;-;-;-;-;...;-;...;-;-;-;-;-;-;-;-;-;-;-;2535;-;-;-;-;-;-;2200;45;-;-;-;-;-;288;-;-;-;-;-;44100;-;900;-;-;-;-;-;128000;23100;-;32760;-;-;-;-;-
Palmelo (GO);..;-;-;-;...;-;-;-;-;-;-;-;-;-;-;-;...;-;-;-;-;...;525;...;-;-;-;-;-;-;-;-;-;-;-;-;-;-;-;-;-;-;363;-;-;-;-;-;-;130;-;-;-;-;-;4520;-;-;-;-;-;-;-;4725;-;-;-;-;-;-;-;-
Palminópolis (GO);..;-;-;-;...;-;-;-;-;780;-;-;-;-;-;200;...;-;-;-;-;...;-;...;-;-;-;-;-;-;-;-;-;-;-;216;-;-;-;-;-;-;-;-;-;-;-;-;-;190;-;-;-;-;-;8000;-;-;-;-;-;-;-;24000;-;-;9000;-;-;-;-;-
Panamá (GO);..;-;-;-;...;-;-;-;-;-;-;-;85;-;-;-;...;-;-;-;-;...;185150;...;-;-;-;-;-;-;28;-;-;-;-;-;-;-;1224;-;-;-;180;-;-;-;-;-;-;34;-;-;-;-;-;13254;-;-;-;-;-;-;-;40500;240;-;-;-;-;-;-;-
Paranaiguara (GO);..;-;-;-;...;-;-;-;-;-;-;-;-;-;-;145;...;-;-;-;-;...;1619505;...;-;-;-;-;-;-;-;-;-;-;-;810;-;-;-;-;-;-;-;-;-;-;-;-;-;120;-;-;-;-;-;6804;-;-;-;-;-;-;-;8280;-;-;-;-;-;-;-;-
Paraúna (GO);..;-;-;-;...;-;-;-;-;9600;-;-;-;-;-;473;...;-;1793;1793;-;...;1234800;...;-;-;-;-;-;-;-;-;-;-;-;15264;-;-;-;-;-;-;998;-;-;-;-;-;-;273;-;-;-;-;-;305790;-;-;-;-;-;-;-;426000;31670;-;-;-;-;-;-;725
Perolândia (GO);..;-;-;-;...;-;3160;-;-;-;-;-;-;-;-;-;...;-;-;-;-;...;910000;...;-;-;-;-;-;-;-;-;-;-;-;2943;-;-;750;-;-;-;-;-;-;-;-;-;-;-;-;-;-;-;-;239500;-;-;-;-;-;-;-;193440;5800;-;-;-;-;-;-;-
Petrolina de Goiás (GO);..;-;-;-;...;-;-;-;-;51;-;-;18000;-;-;-;...;-;-;-;-;...;-;...;-;-;-;-;-;-;-;-;-;-;-;600;-;-;-;-;-;-;-;-;-;-;-;-;-;717;-;-;-;-;-;1120;-;-;-;-;-;-;-;7200;-;-;-;-;-;-;-;-
Pilar de Goiás (GO);..;-;-;-;...;-;-;-;-;-;-;-;-;-;-;-;...;-;-;-;-;...;-;...;-;-;-;-;-;-;-;-;-;-;-;-;-;-;-;-;-;-;-;-;-;-;-;-;-;115;-;-;-;-;-;216;-;-;-;-;-;-;-;-;-;-;-;-;-;-;-;-
Piracanjuba (GO);..;-;500;-;...;-;1020;-;-;-;-;-;121;-;-;102;...;-;-;-;-;...;2250;...;-;-;-;-;-;-;-;-;-;-;-;2229;-;40;2371;-;-;-;1520;-;-;-;-;-;-;1400;-;-;-;-;-;71984;-;827;-;-;-;-;-;283500;52027;171;82100;-;-;-;-;-
Piranhas (GO);..;-;-;-;...;-;-;-;-;-;-;-;280;-;-;-;...;-;-;-;-;...;-;...;-;-;-;-;-;-;-;-;-;-;-;-;-;-;-;-;-;-;-;-;-;-;-;-;-;1190;-;-;-;-;-;-;-;-;-;-;-;-;-;153000;-;-;-;-;-;-;-;-
Pirenópolis (GO);..;-;-;-;...;-;-;-;-;-;-;-;13782;-;-;637;...;-;-;-;-;...;-;...;-;-;-;-;-;-;-;-;-;-;-;-;-;-;-;-;-;-;795;-;-;-;-;-;-;2464;-;-;-;-;-;5530;-;-;-;-;-;-;-;16169;2560;1200;2490;-;-;-;-;75
Pires do Rio (GO);..;-;-;-;...;-;-;-;-;-;-;-;198;-;-;-;...;-;-;-;-;...;-;...;-;-;-;-;-;-;-;-;-;-;-;-;-;-;-;-;-;-;-;-;-;-;-;-;-;278;-;-;-;-;-;26250;-;-;-;-;-;-;-;60225;19800;-;-;-;-;-;-;-
Planaltina (GO);..;-;-;-;...;-;-;-;-;-;-;-;245;-;5110;-;...;-;96;96;-;...;-;...;-;-;8024;-;-;-;-;-;-;-;-;12001;-;-;-;-;-;-;-;-;-;-;-;-;-;2048;-;170;-;-;-;57531;-;-;-;-;-;-;-;99180;2155;-;16568;-;-;-;-;-
Pontalina (GO);..;-;124;-;...;-;-;-;-;-;-;-;149;-;-;120;...;-;-;-;-;...;346000;...;-;-;-;-;-;-;-;-;-;-;-;890;-;-;774;-;-;-;3900;-;-;-;-;-;-;1015;-;-;-;-;-;29591;-;170;-;-;-;-;-;119000;6052;-;58000;-;-;-;-;-
Porangatu (GO);..;-;-;-;...;-;-;-;-;-;-;-;-;-;-;-;...;-;-;-;-;...;-;...;-;-;-;-;-;-;-;-;-;-;-;-;-;-;-;-;-;-;-;-;-;-;-;-;-;1375;-;-;-;-;-;2822;-;-;-;-;-;-;-;64175;6330;-;-;-;-;-;-;-
Porteirão (GO);..;-;-;-;...;-;-;-;-;-;-;-;-;-;-;-;...;-;-;-;-;...;1975400;...;-;-;-;-;-;-;-;-;-;-;-;-;-;-;-;-;-;-;-;-;-;-;-;-;-;-;-;-;-;-;-;42380;-;-;-;-;-;-;-;51750;7540;-;-;-;-;-;-;-
Portelândia (GO);..;-;-;-;...;-;-;-;-;-;-;-;-;-;-;-;...;-;-;-;-;...;360000;...;-;-;-;-;-;-;-;-;-;-;-;-;-;-;1065;-;-;-;-;-;-;-;-;-;-;-;-;-;-;-;-;74400;-;-;-;-;-;-;-;63600;3000;-;-;-;-;-;-;-
Posse (GO);..;-;-;-;...;-;-;-;-;-;-;-;-;-;-;-;...;-;-;-;-;...;-;...;-;-;-;-;-;-;-;-;-;-;-;324;-;-;-;-;-;-;-;-;-;-;-;-;-;205;-;-;-;-;-;120;-;-;-;-;-;-;-;1296;504;-;-;-;-;-;-;-
Professor Jamil (GO);..;-;-;-;...;-;-;-;-;-;-;-;380;-;-;-;...;-;-;-;-;...;-;...;-;-;-;-;-;-;-;-;-;-;-;-;-;10;228;-;-;-;-;-;-;-;-;-;-;-;-;-;-;-;-;3106;-;1190;-;-;-;-;-;13110;1311;-;-;-;-;-;-;-
Quirinópolis (GO);..;-;160;-;...;-;-;-;-;-;-;-;-;-;-;70;...;-;-;-;-;...;7127874;...;-;-;-;-;-;-;-;-;-;-;-;1260;-;-;774;-;-;-;18;-;-;-;-;-;-;2204;-;-;-;-;-;46300;-;-;-;-;-;-;-;121500;8100;-;-;-;-;-;-;-
Rialma (GO);..;-;-;-;...;-;-;-;-;-;-;-;-;-;-;63;...;-;-;-;-;...;167860;...;-;-;-;-;-;-;-;-;-;-;-;-;-;-;-;-;-;-;-;-;-;-;-;-;-;120;-;-;-;7518;-;4091;-;-;-;-;-;-;-;7296;300;-;-;-;-;-;-;-
Rianápolis (GO);..;-;731;-;...;-;-;-;-;-;-;-;-;-;-;100;...;-;-;-;-;...;62058;...;-;-;-;-;-;-;-;-;-;-;-;-;-;-;-;-;-;-;-;-;-;-;-;-;-;294;-;-;-;8000;-;467;-;-;-;-;-;-;-;2310;-;-;-;-;-;-;-;25
Rio Quente (GO);..;-;-;-;...;-;-;-;-;-;-;-;-;-;-;-;...;-;-;-;-;...;1167;...;-;-;-;-;-;-;-;-;-;-;-;-;-;-;-;-;-;-;-;-;-;-;-;-;-;260;-;-;-;-;-;183;-;-;-;-;-;-;-;2000;195;-;-;-;-;-;-;-
Rio Verde (GO);..;-;-;-;...;-;6116;-;-;2322;-;-;1560;-;-;230;...;-;-;-;-;...;2077575;...;-;-;-;-;-;-;-;-;-;-;-;11070;-;-;8891;-;-;-;5283;60;-;-;-;-;-;2579;-;-;-;9500;-;2249240;-;-;-;-;-;-;-;1572500;201400;30;-;1734;-;-;-;-
Rubiataba (GO);..;-;-;-;...;-;-;-;-;-;-;-;-;-;-;-;...;-;-;-;-;...;504576;...;-;-;-;-;-;-;-;-;-;-;-;-;-;-;-;-;-;-;-;-;-;-;-;-;-;163;-;-;-;2100;-;1323;-;-;-;-;-;-;-;-;-;-;-;-;-;-;-;-
Sanclerlândia (GO);..;-;-;-;...;-;-;-;-;53;-;-;387;-;-;-;...;-;-;-;-;...;3575;...;-;-;-;-;-;-;-;-;-;-;-;-;-;-;-;-;-;-;-;-;-;-;-;-;-;425;-;-;-;-;-;1512;-;-;-;-;-;-;-;4800;-;-;-;-;-;-;-;-
Santa Bárbara de Goiás (GO);..;-;-;-;...;-;-;-;-;-;-;-;-;-;-;-;...;-;-;-;-;...;-;...;-;-;-;-;-;-;-;-;-;-;-;97;-;-;-;-;-;-;-;-;-;-;-;-;-;-;-;-;-;-;-;8555;-;-;-;-;-;-;-;10044;364;-;-;-;-;-;-;-
Santa Cruz de Goiás (GO);..;-;-;-;...;-;-;-;-;31;-;-;-;-;-;-;...;-;-;-;-;...;2295;...;-;-;1200;-;-;-;-;-;-;-;-;230;-;-;238;-;-;-;-;-;-;-;-;-;-;810;-;-;-;-;-;55350;-;-;-;-;-;-;-;98000;2625;-;-;-;-;-;-;-
Santa Fé de Goiás (GO);..;-;-;-;...;-;-;-;-;6000;-;-;184;-;-;-;...;-;-;-;-;...;-;...;-;-;-;-;-;-;-;-;-;-;-;6480;-;-;-;-;-;-;-;-;-;-;-;-;-;302;-;-;-;20000;-;-;-;-;-;-;-;-;-;31320;-;-;-;-;-;-;-;-
Santa Helena de Goiás (GO);..;-;-;-;...;-;3534;-;-;-;-;-;2331;-;-;-;...;-;-;-;-;...;2155250;...;-;-;-;-;-;-;-;-;-;-;-;3900;-;-;-;-;-;-;-;-;-;-;-;-;-;1034;-;-;-;3655;-;268280;-;-;-;-;-;-;-;210800;34100;-;22800;-;-;-;-;43
Santa Isabel (GO);..;-;1003;-;...;-;-;-;-;87;-;-;8905;-;-;138;...;-;-;-;-;...;422368;...;-;-;-;-;-;-;-;-;-;-;-;-;-;-;-;-;-;-;-;-;-;-;-;1200;-;-;-;76;-;3900;-;2216;-;-;-;-;-;-;-;3800;-;-;-;-;-;-;-;-
Santa Rita do Araguaia (GO);..;-;-;-;...;-;-;-;-;-;-;-;-;-;-;-;...;-;-;-;-;...;-;...;-;-;-;-;-;-;-;-;-;-;-;-;-;-;-;-;-;-;-;-;-;-;-;-;-;98;-;-;-;-;-;42700;-;-;-;-;-;-;-;32600;-;-;-;-;-;-;-;62
Santa Rita do Novo Destino (GO);..;-;-;-;...;-;-;-;-;-;-;-;60;-;-;4610;...;-;-;-;-;...;287744;...;-;-;-;-;-;-;-;-;-;-;-;841;-;-;-;-;-;-;-;-;-;-;-;-;-;399;-;-;-;-;-;4968;-;-;-;-;-;-;-;29325;-;-;-;451;-;-;-;-
Santa Rosa de Goiás (GO);..;-;-;-;...;-;-;-;-;-;-;-;2975;-;-;-;...;-;-;-;-;...;-;...;-;-;-;-;-;-;-;-;-;-;-;750;-;-;-;-;-;-;-;-;-;-;-;-;-;1990;-;-;-;-;-;7936;-;-;-;-;-;-;-;13600;-;-;-;480;-;-;-;-
Santa Tereza de Goiás (GO);..;-;-;-;...;-;-;-;-;-;-;-;-;-;-;-;...;-;-;-;-;...;-;...;-;-;-;-;-;-;-;-;-;-;-;-;-;-;-;-;-;-;-;-;-;-;-;-;-;209;-;-;-;-;-;525;-;-;-;-;-;-;-;6491;-;-;-;-;-;-;-;-
Santa Terezinha de Goiás (GO);..;-;-;-;...;-;-;-;-;-;-;-;88;-;-;104;...;-;-;-;-;...;1125;...;-;-;-;-;-;-;-;-;-;-;-;-;-;-;-;-;-;-;-;-;-;-;-;-;-;378;-;-;-;-;-;1200;-;-;-;-;-;-;-;-;-;-;-;-;-;-;-;-
Santo Antônio da Barra (GO);..;-;-;-;...;-;-;-;-;-;-;-;120;-;-;-;...;-;-;-;-;...;456000;...;-;-;-;-;-;-;-;-;-;-;-;-;-;-;-;-;-;-;-;-;-;-;-;-;-;325;-;-;-;-;-;40470;-;-;-;-;-;-;-;40509;6080;-;-;-;-;-;-;-
Santo Antônio de Goiás (GO);..;-;-;-;...;-;-;-;-;-;-;-;90;-;-;-;...;-;-;-;-;...;-;...;-;-;-;-;-;-;-;-;-;-;-;-;-;-;-;-;-;-;108;-;-;-;-;-;-;-;-;-;-;-;-;2220;-;-;-;-;-;-;-;4860;-;54;-;-;-;-;-;-
Santo Antônio do Descoberto (GO);..;-;-;-;...;-;-;-;-;-;-;-;56;-;-;-;...;-;6;6;-;...;-;...;-;-;-;-;-;-;-;-;-;-;-;493;-;-;-;-;-;-;-;-;-;-;-;-;-;220;-;-;-;-;-;4971;-;-;-;-;-;-;-;5552;995;-;-;-;-;-;-;266
São Domingos (GO);..;-;-;-;...;-;-;-;-;-;-;-;-;-;-;-;...;-;-;-;-;...;-;...;-;-;-;-;-;-;-;-;-;-;-;-;-;-;-;-;-;-;-;-;-;-;-;-;-;100;-;-;-;750;-;19748;-;-;-;-;-;-;-;34771;3390;-;-;-;-;-;-;-
São Francisco de Goiás (GO);..;-;220;-;...;-;-;-;-;60;-;-;330;-;-;-;...;-;-;-;-;...;-;...;-;-;-;-;-;-;-;-;-;-;-;-;-;-;-;-;-;-;-;-;-;-;-;-;-;725;-;-;-;-;-;4038;-;-;-;-;-;-;-;8461;-;-;1050;-;-;-;-;-
São João d'Aliança (GO);..;-;-;-;...;-;-;-;-;18645;-;-;192;-;14578;-;...;-;438;438;-;...;-;...;-;-;-;-;-;-;-;-;-;-;-;21707;-;-;-;-;-;-;-;-;-;-;-;-;-;1026;-;-;-;-;-;117273;-;-;-;-;-;-;-;155872;3863;-;31270;13207;-;-;-;-
São João da Paraúna (GO);..;-;-;-;...;-;-;-;-;-;-;-;-;-;-;27;...;-;-;-;-;...;-;...;-;-;-;-;-;-;-;-;-;-;-;1100;-;-;-;-;-;-;-;-;-;-;-;-;-;-;-;-;-;-;-;27600;-;-;-;-;-;-;-;49000;6800;-;-;-;-;-;-;280
São Luís de Montes Belos (GO);..;-;-;-;...;-;-;-;-;-;-;-;5615;-;-;-;...;-;-;-;-;...;-;...;-;-;-;-;-;-;-;-;-;-;-;-;-;-;-;-;-;-;-;-;-;-;-;-;-;1020;-;-;-;-;-;-;-;-;-;-;-;-;-;15000;-;-;-;-;-;-;-;-
São Luiz do Norte (GO);..;-;5000;-;...;-;-;-;-;-;-;-;-;-;-;650;...;-;-;-;-;...;1590000;...;-;-;-;-;-;-;-;-;-;-;-;-;-;-;-;-;-;-;-;-;-;-;-;-;-;195;-;-;-;1392;-;1200;-;108;-;-;-;-;-;13959;280;-;-;-;-;-;-;-
São Miguel do Araguaia (GO);..;-;-;-;...;-;-;-;-;9688;-;-;-;-;-;-;...;-;-;-;-;...;-;...;-;-;-;-;-;-;-;-;-;-;-;-;-;-;-;-;-;-;-;-;-;-;-;-;-;350;-;-;-;-;-;2346;-;-;-;-;-;-;-;33330;1809;-;-;-;-;-;-;-
São Miguel do Passa Quatro (GO);..;-;-;-;...;-;-;-;-;-;-;-;-;-;-;-;...;-;-;-;-;...;765;...;-;-;-;-;-;-;-;-;-;-;-;664;-;-;-;-;-;-;-;-;-;-;-;-;-;551;-;-;-;-;-;49720;-;-;-;-;-;-;-;51800;5950;-;-;-;-;-;-;-
São Patrício (GO);..;-;-;-;...;-;-;-;-;-;-;-;429;-;-;-;...;-;-;-;-;...;103115;...;-;-;-;-;-;-;-;-;-;-;-;-;-;-;-;-;-;-;-;-;-;-;-;-;-;-;-;402;-;-;-;1725;-;-;-;-;-;-;-;-;-;-;-;-;-;-;-;-
São Simão (GO);..;-;-;-;...;-;-;-;-;-;-;-;-;-;-;-;...;-;-;-;-;...;339570;...;-;-;-;-;-;-;-;-;-;-;-;-;-;-;-;-;-;-;-;-;-;-;-;-;-;-;-;-;-;-;-;-;-;-;-;-;-;-;-;2400;-;-;-;-;-;-;-;-
Senador Canedo (GO);..;-;-;-;...;-;-;-;-;-;-;-;-;-;-;-;...;-;-;-;-;...;-;...;-;-;-;-;-;-;20;-;-;-;-;-;-;-;413;-;-;-;320;278;-;-;-;-;-;463;-;-;-;-;-;3470;-;-;-;-;-;-;-;3830;-;555;-;-;-;-;-;-
Serranópolis (GO);..;-;-;-;...;-;-;-;-;-;-;-;-;-;-;-;...;-;-;-;-;...;1132964;...;-;-;-;-;-;-;-;-;-;-;-;-;-;-;-;-;-;-;494;-;-;-;-;-;-;-;-;45;-;-;-;158800;-;-;-;-;-;-;-;197160;2400;-;-;-;-;-;-;-
Silvânia (GO);..;-;-;-;...;-;-;-;-;210;-;-;82;-;-;-;...;-;87;87;-;...;6840;...;-;-;-;-;-;-;-;-;-;-;-;8650;-;-;3960;-;-;-;903;-;-;-;-;-;-;2190;-;56;-;-;-;194550;-;-;-;-;-;-;-;360000;54000;170;203600;5340;-;-;-;-
Simolândia (GO);..;-;-;-;...;-;-;-;-;-;-;-;-;-;-;-;...;-;-;-;-;...;-;...;-;-;-;-;-;-;-;-;-;-;-;732;-;-;-;-;-;-;-;-;-;-;-;-;-;50;-;-;-;-;-;3672;-;-;-;-;-;-;-;3498;-;-;-;-;-;-;-;-
Sítio d'Abadia (GO);..;-;-;-;...;-;-;-;-;-;-;-;-;-;2520;-;...;-;-;-;-;...;-;...;-;-;-;-;-;-;-;-;-;-;-;2984;-;-;-;-;-;-;3875;-;-;-;-;-;-;180;-;-;-;-;-;7862;-;-;-;-;-;-;-;30413;162;-;-;1084;-;-;-;-
Taquaral de Goiás (GO);..;-;-;-;...;-;-;-;-;-;-;-;720;-;-;-;...;-;-;-;-;...;-;...;-;-;-;-;-;-;-;-;-;-;-;-;-;-;-;-;-;-;-;-;-;-;-;-;-;-;-;-;-;-;-;4875;-;-;-;-;-;-;-;4002;-;-;-;-;-;-;-;-
Teresina de Goiás (GO);..;-;-;-;...;-;-;-;-;-;-;-;220;-;-;-;...;-;-;-;-;...;-;...;-;-;-;-;-;-;-;-;-;-;-;-;-;-;-;-;-;-;-;-;-;-;-;-;-;2815;-;-;-;-;-;-;-;-;-;-;-;-;-;936;-;-;-;-;-;-;-;-
Terezópolis de Goiás (GO);..;84;-;-;...;-;-;-;-;-;-;-;1117;-;-;-;...;-;-;-;-;...;-;...;-;-;-;-;-;-;-;-;-;-;-;-;-;-;-;-;-;-;1509;166;-;-;-;-;-;1382;-;-;-;-;-;3600;-;-;-;-;-;-;-;4620;580;1103;-;-;-;-;-;-
Três Ranchos (GO);..;-;-;-;...;-;-;-;-;-;-;-;-;-;-;-;...;-;-;-;-;...;600;...;-;-;-;-;-;-;-;-;-;-;-;-;-;-;-;-;-;-;-;-;-;-;-;-;-;140;-;-;-;-;-;1960;-;-;-;-;-;-;-;2900;-;-;-;-;-;-;-;-
Trindade (GO);..;-;-;-;...;-;-;-;-;-;-;-;-;-;-;35;...;-;-;-;-;...;-;...;-;-;-;-;-;-;-;-;-;-;-;108;-;-;-;-;-;-;6000;-;-;-;-;-;-;1250;-;-;-;-;-;17325;-;-;-;-;-;-;-;24780;1040;-;-;-;-;-;-;-
Trombas (GO);..;-;-;-;...;-;-;-;-;2;-;-;-;-;-;-;...;-;-;-;-;...;-;...;-;-;-;-;-;-;-;-;-;-;-;-;-;-;-;-;-;-;-;-;-;-;-;-;-;294;-;-;-;-;-;85;-;-;-;-;-;-;-;1550;-;-;-;-;-;-;-;-
Turvânia (GO);..;-;-;-;...;-;-;-;-;-;-;-;167;-;-;-;...;-;-;-;-;...;56000;...;-;-;-;-;-;-;-;-;-;-;-;-;-;-;-;-;-;-;-;-;-;-;-;-;-;340;-;-;-;-;-;78000;-;-;-;-;-;-;-;63000;-;-;-;-;-;-;-;-
Turvelândia (GO);..;-;-;-;...;-;4631;-;-;-;-;-;-;-;-;-;...;-;-;-;-;...;1444000;...;-;-;-;-;-;-;-;-;-;-;-;690;-;-;-;-;-;-;-;-;-;-;-;-;-;252;-;-;-;-;-;50350;-;-;-;-;-;-;-;111360;11250;-;14450;-;-;-;-;-
Uirapuru (GO);..;-;-;-;...;-;-;-;-;-;-;-;22;-;-;-;...;-;-;-;-;...;150;...;-;-;-;-;-;-;-;-;-;-;-;-;-;-;-;-;-;-;-;-;-;-;-;-;-;473;-;-;-;-;-;590;-;-;-;-;-;-;-;6480;-;-;-;-;-;-;-;-
Uruaçu (GO);..;-;-;-;...;-;-;-;-;-;-;-;96;-;-;130;...;-;-;-;-;...;937500;...;-;-;-;-;-;-;-;-;-;-;-;480;-;-;-;-;-;-;-;-;-;-;-;-;-;513;-;-;-;-;-;16840;-;144;-;-;-;-;-;83520;1450;-;-;-;-;-;-;-
Uruana (GO);..;-;-;-;...;-;-;-;-;-;-;-;23223;-;-;207;...;-;-;-;-;...;241024;...;-;-;-;-;-;-;-;-;-;-;-;853;-;-;-;-;-;-;-;-;-;-;-;-;-;6600;-;-;-;88200;-;11250;-;1466;-;-;-;-;-;12510;-;-;-;-;-;-;-;-
Urutaí (GO);..;-;-;-;...;-;-;-;-;-;-;-;-;-;-;-;...;-;-;-;-;...;385;...;-;-;-;-;-;-;-;-;-;-;-;-;-;-;-;-;-;-;-;-;-;-;-;-;-;180;-;-;-;-;-;17550;-;-;-;-;-;-;-;23800;680;-;-;-;-;-;-;-
Valparaíso de Goiás (GO);..;-;-;-;...;-;-;-;-;-;-;-;-;-;-;-;...;-;-;-;-;...;-;...;-;-;-;-;-;-;-;-;-;-;-;-;-;-;-;-;-;-;-;-;-;-;-;-;-;21;-;-;-;-;-;-;-;-;-;-;-;-;-;485;-;-;-;-;-;-;-;-
Varjão (GO);..;-;-;-;...;-;-;-;-;-;-;-;-;-;-;-;...;-;-;-;-;...;-;...;-;-;-;-;-;-;-;-;-;-;-;-;-;-;-;-;-;-;-;-;-;-;-;-;-;174;-;-;-;-;-;7000;-;-;-;-;-;-;-;10440;1733;-;-;-;-;-;-;-
Vianópolis (GO);..;-;-;-;...;-;-;-;-;-;-;-;-;-;-;-;...;-;-;-;-;...;840;...;-;-;-;-;-;-;-;-;-;-;-;5670;-;-;1313;-;-;-;462;-;-;-;-;-;-;1125;-;-;-;-;-;55250;-;-;-;-;-;-;-;162000;18500;-;63000;3000;-;-;-;-
Vicentinópolis (GO);..;-;-;-;...;-;-;-;-;-;-;-;-;-;-;90;...;-;-;-;-;...;1784500;...;-;-;-;-;-;-;-;-;-;-;-;1030;-;-;-;-;-;-;-;-;-;-;-;-;-;47;-;-;-;-;-;47649;-;-;-;-;-;-;-;91000;15000;-;-;-;-;-;-;-
Vila Boa (GO);..;-;-;-;...;-;-;-;-;-;-;-;-;-;-;-;...;-;-;-;-;...;508400;...;-;-;-;-;-;-;-;-;-;-;-;-;-;-;-;-;-;-;-;-;-;-;-;-;-;148;-;-;-;-;-;1372;-;-;-;-;-;-;-;1019;259;-;-;-;-;-;-;-
Vila Propício (GO);..;-;-;-;...;-;-;-;-;22;-;-;460;-;-;6125;...;-;-;-;-;...;1898283;...;-;-;-;-;-;-;-;-;-;-;-;74;-;-;-;-;-;-;-;-;-;-;-;-;-;650;-;-;-;-;-;42800;-;-;-;-;-;-;-;54150;-;-;-;-;-;-;-;-
Fonte: IBGE - Produção Agrícola Municipal;;;;;;;;;;;;;;;;;;;;;;;;;;;;;;;;;;;;;;;;;;;;;;;;;;;;;;;;;;;;;;;;;;;;;;;;
;;;;;;;;;;;;;;;;;;;;;;;;;;;;;;;;;;;;;;;;;;;;;;;;;;;;;;;;;;;;;;;;;;;;;;;;
Notas;;;;;;;;;;;;;;;;;;;;;;;;;;;;;;;;;;;;;;;;;;;;;;;;;;;;;;;;;;;;;;;;;;;;;;;;
"1 - Os municípios sem informação para pelo menos um produto da lavoura não aparecem nas listas;";;;;;;;;;;;;;;;;;;;;;;;;;;;;;;;;;;;;;;;;;;;;;;;;;;;;;;;;;;;;;;;;;;;;;;;;
2 - A partir do ano de 2001 as quantidades produzidas dos produtos abacate, banana, caqui, figo, goiaba, laranja, limão, maçã, mamão, manga, maracujá, marmelo, melancia, melão, pera, pêssego e tangerina passam a ser expressas em toneladas. Nos anos anteriores eram expressas em mil frutos, com exceção da banana, que era expressa em mil cachos. O rendimento médio passa a ser expresso em Kg/ha. Nos anos anteriores era expresso em frutos/ha, com exceção da banana, que era expressa em cachos/ha.;;;;;;;;;;;;;;;;;;;;;;;;;;;;;;;;;;;;;;;;;;;;;;;;;;;;;;;;;;;;;;;;;;;;;;;;
3 - Veja em https://sidra.ibge.gov.br/content/documentos/pam/AlteracoesUnidadesMedidaFrutas.pdf um documento com as alterações de unidades de medida das frutíferas ocorridas em 2001 e a tabela de conversão fruto x quilograma.;;;;;;;;;;;;;;;;;;;;;;;;;;;;;;;;;;;;;;;;;;;;;;;;;;;;;;;;;;;;;;;;;;;;;;;;
4 - Até 2001, café (em coco), a partir de 2002, café (beneficiado ou em grão).;;;;;;;;;;;;;;;;;;;;;;;;;;;;;;;;;;;;;;;;;;;;;;;;;;;;;;;;;;;;;;;;;;;;;;;;
5 - Os produtos girassol e triticale só apresentam informação a partir de 2005.;;;;;;;;;;;;;;;;;;;;;;;;;;;;;;;;;;;;;;;;;;;;;;;;;;;;;;;;;;;;;;;;;;;;;;;;
6 - As quantidades produzidas de abacaxi e de coco-da-baía são expressas em mil frutos e o rendimento médio em frutos/ha.;;;;;;;;;;;;;;;;;;;;;;;;;;;;;;;;;;;;;;;;;;;;;;;;;;;;;;;;;;;;;;;;;;;;;;;;
7 - Valores para a categoria Total indisponíveis para as variáveis Quantidade produzida e Rendimento médio, pois as unidades de medida diferem para determinados produtos.;;;;;;;;;;;;;;;;;;;;;;;;;;;;;;;;;;;;;;;;;;;;;;;;;;;;;;;;;;;;;;;;;;;;;;;;
8 - Subentende a possibilidade de cultivos sucessivos ou simultâneos (simples, associados e/ou intercalados) no mesmo ano e no mesmo local, podendo, por isto, a área informada da cultura exceder a área geográfica do município.;;;;;;;;;;;;;;;;;;;;;;;;;;;;;;;;;;;;;;;;;;;;;;;;;;;;;;;;;;;;;;;;;;;;;;;;
"9 - As culturas de abacaxi, cana-de-açúcar, mamona e mandioca são consideradas culturas temporárias de longa duração. Elas costumam ter ciclo vegetativo que ultrapassa 12 meses e, por isso, as informações são computadas nas colheitas realizadas dentro de cada ano civil (12 meses).
Nestas culturas a área plantada refere-se a área destinada à colheita no ano.";;;;;;;;;;;;;;;;;;;;;;;;;;;;;;;;;;;;;;;;;;;;;;;;;;;;;;;;;;;;;;;;;;;;;;;;
10 - A diferença entre a área plantada ou destinada à colheita e a área colhida na lavoura é considerada como área perdida.;;;;;;;;;;;;;;;;;;;;;;;;;;;;;;;;;;;;;;;;;;;;;;;;;;;;;;;;;;;;;;;;;;;;;;;;
"11 - A variável Área plantada ou destinada à colheita só passou a ser informada a partir de 1988.
12 - Valor da produção: Variável derivada calculada pela média ponderada das informações de quantidade e preço médio corrente pago ao produtor, de acordo com os períodos de colheita e comercialização de cada produto. As despesas de frete, taxas e impostos não são incluídas no preço.

13 - Os dados do último ano divulgado são RESULTADOS PRELIMINARES e podem sofrer alterações até a próxima divulgação.";;;;;;;;;;;;;;;;;;;;;;;;;;;;;;;;;;;;;;;;;;;;;;;;;;;;;;;;;;;;;;;;;;;;;;;;
;;;;;;;;;;;;;;;;;;;;;;;;;;;;;;;;;;;;;;;;;;;;;;;;;;;;;;;;;;;;;;;;;;;;;;;;
Legenda;;;;;;;;;;;;;;;;;;;;;;;;;;;;;;;;;;;;;;;;;;;;;;;;;;;;;;;;;;;;;;;;;;;;;;;;
Símbolo;Significado;;;;;;;;;;;;;;;;;;;;;;;;;;;;;;;;;;;;;;;;;;;;;;;;;;;;;;;;;;;;;;;;;;;;;;;
-;"Zero absoluto, não resultante de um cálculo ou arredondamento.
Ex: Em determinado município não existem pessoas de 14 anos de idade sem instrução.";;;;;;;;;;;;;;;;;;;;;;;;;;;;;;;;;;;;;;;;;;;;;;;;;;;;;;;;;;;;;;;;;;;;;;;
0;"Zero resultante de um cálculo ou arredondamento.
Ex: A inflação do feijão em determinada Região Metropolitana foi 0.
Determinado município produziu 400 kg de sementes de girassol e os dados da tabela são expressos em toneladas.";;;;;;;;;;;;;;;;;;;;;;;;;;;;;;;;;;;;;;;;;;;;;;;;;;;;;;;;;;;;;;;;;;;;;;;
X;"Valor inibido para não identificar o informante.
Ex: Determinado município só possui uma empresa produtora de cimento, logo o valor de sua produção deve ser inibido.";;;;;;;;;;;;;;;;;;;;;;;;;;;;;;;;;;;;;;;;;;;;;;;;;;;;;;;;;;;;;;;;;;;;;;;
..;"Valor não se aplica.
Ex: Não se pode obter o total da produção agrícola em determinado município quando os produtos agrícolas são contabilizados com unidades de medida distintas.";;;;;;;;;;;;;;;;;;;;;;;;;;;;;;;;;;;;;;;;;;;;;;;;;;;;;;;;;;;;;;;;;;;;;;;
...;"Valor não disponível.
Ex: A produção de feijão em determinado município não foi pesquisada ou determinado município não existia no ano da pesquisa.";;;;;;;;;;;;;;;;;;;;;;;;;;;;;;;;;;;;;;;;;;;;;;;;;;;;;;;;;;;;;;;;;;;;;;;
"A a Z
(exceto X)";"Significa uma faixa de valores. Varia em função da tabela (se for o caso).
Ex: O nível de precisão da produção estimada de combustíveis está na faixa A (95 a 100%)";;;;;;;;;;;;;;;;;;;;;;;;;;;;;;;;;;;;;;;;;;;;;;;;;;;;;;;;;;;;;;;;;;;;;;;
